sample,cluster
SRR6113361,10
SRR6113362,10
SRR6113363,10
SRR6113364,10
SRR6113365,10
SRR6113367,10
SRR6113368,10
SRR6113369,10
SRR6113372,10
SRR6113373,10
SRR6113374,10
SRR6113375,10
SRR6113377,1
SRR6113378,1
SRR6113379,1
SRR6113380,1
SRR6113381,1
SRR6113382,1
SRR6113383,1
SRR6113384,1
SRR6113385,1
SRR6113386,7
SRR6113387,1
SRR6113388,1
SRR6113389,7
SRR6113390,7
SRR6113391,7
SRR6113392,1
SRR6113393,7
SRR6113394,7
SRR6113395,7
SRR6113396,7
SRR6113397,7
SRR6113398,7
SRR6113399,7
SRR6113400,7
SRR6113401,7
SRR6113402,7
SRR6113403,7
SRR6113404,1
SRR6113405,1
SRR6113406,1
SRR6113407,7
SRR6113408,7
SRR6113410,7
SRR6113411,7
SRR6113412,7
SRR6113413,7
SRR6113414,7
SRR6113415,7
SRR6113416,7
SRR6113417,1
SRR6113418,1
SRR6113419,1
SRR6113420,1
SRR6113421,1
SRR6113422,1
SRR6113423,1
SRR6113424,1
SRR6113425,7
SRR6113426,7
SRR6113427,7
SRR6113428,7
SRR6113429,7
SRR6113430,1
SRR6113431,1
SRR6113432,1
SRR6113433,4
SRR6113434,4
SRR6113435,4
SRR6113437,4
SRR6113438,4
SRR6113439,4
SRR6113440,4
SRR6113441,1
SRR6113442,1
SRR6113443,1
SRR6113444,1
SRR6113446,1
SRR6113447,1
SRR6113448,1
SRR6113449,7
SRR6113450,1
SRR6113451,7
SRR6113452,7
SRR6113453,7
SRR6113454,7
SRR6113455,1
SRR6113456,1
SRR6113457,10
SRR6113458,10
SRR6113459,10
SRR6113460,10
SRR6113461,10
SRR6113462,10
SRR6113463,10
SRR6113464,10
SRR6113465,1
SRR6113466,1
SRR6113467,1
SRR6113468,1
SRR6113469,1
SRR6113470,1
SRR6113471,1
SRR6113472,1
SRR6113473,7
SRR6113474,1
SRR6113475,7
SRR6113476,1
SRR6113477,1
SRR6113478,1
SRR6113479,7
SRR6113480,1
SRR6113481,1
SRR6113482,1
SRR6113483,1
SRR6113484,1
SRR6113485,1
SRR6113486,1
SRR6113487,1
SRR6113488,1
SRR6113489,10
SRR6113490,10
SRR6113491,10
SRR6113492,10
SRR6113493,10
SRR6113494,10
SRR6113495,10
SRR6113496,10
SRR6113497,10
SRR6113498,10
SRR6113499,10
SRR6113500,10
SRR6113501,10
SRR6113502,10
SRR6113503,10
SRR6113504,10
SRR6113505,10
SRR6113506,10
SRR6113507,10
SRR6113508,10
SRR6113509,10
SRR6113510,10
SRR6113511,10
SRR6113512,10
SRR6113513,10
SRR6113514,10
SRR6113515,10
SRR6113516,10
SRR6113517,10
SRR6113518,10
SRR6113519,10
SRR6113520,10
SRR6113521,10
SRR6113522,10
SRR6113523,10
SRR6113524,10
SRR6113525,10
SRR6113526,10
SRR6113527,10
SRR6113528,10
SRR6113529,10
SRR6113530,10
SRR6113531,10
SRR6113532,10
SRR6113533,10
SRR6113534,10
SRR6113535,10
SRR6113536,10
SRR6113537,10
SRR6113538,10
SRR6113539,10
SRR6113540,10
SRR6113541,10
SRR6113542,10
SRR6113543,10
SRR6113544,10
SRR6113545,5
SRR6113546,5
SRR6113547,5
SRR6113548,5
SRR6113549,5
SRR6113550,5
SRR6113551,5
SRR6113552,5
SRR6113553,4
SRR6113554,4
SRR6113555,4
SRR6113556,4
SRR6113557,4
SRR6113558,4
SRR6113559,4
SRR6113560,4
SRR6113561,1
SRR6113562,7
SRR6113563,1
SRR6113564,1
SRR6113565,7
SRR6113566,1
SRR6113567,1
SRR6113568,7
SRR6113569,7
SRR6113570,7
SRR6113571,7
SRR6113572,7
SRR6113573,7
SRR6113574,7
SRR6113575,7
SRR6113576,7
SRR6113577,7
SRR6113578,7
SRR6113579,7
SRR6113580,7
SRR6113581,7
SRR6113582,7
SRR6113583,7
SRR6113584,7
SRR6113585,5
SRR6113586,5
SRR6113587,5
SRR6113588,5
SRR6113589,5
SRR6113590,5
SRR6113591,5
SRR6113592,5
SRR6113593,7
SRR6113594,7
SRR6113595,7
SRR6113596,7
SRR6113597,7
SRR6113598,7
SRR6113599,7
SRR6113600,7
SRR6113601,3
SRR6113602,3
SRR6113603,3
SRR6113604,3
SRR6113605,3
SRR6113606,3
SRR6113607,3
SRR6113608,3
SRR6113609,7
SRR6113610,7
SRR6113611,7
SRR6113612,7
SRR6113613,5
SRR6113614,7
SRR6113615,7
SRR6113616,7
SRR6113617,7
SRR6113618,7
SRR6113619,7
SRR6113620,7
SRR6113621,7
SRR6113622,7
SRR6113624,7
SRR6113625,7
SRR6113626,9
SRR6113627,9
SRR6113628,9
SRR6113629,9
SRR6113630,9
SRR6113631,9
SRR6113632,9
SRR6113633,9
SRR6113634,5
SRR6113635,5
SRR6113636,5
SRR6113637,5
SRR6113638,5
SRR6113639,5
SRR6113640,5
SRR6113641,5
SRR6113642,7
SRR6113643,7
SRR6113644,7
SRR6113645,7
SRR6113646,7
SRR6113647,7
SRR6113648,7
SRR6113649,7
SRR6113650,5
SRR6113651,5
SRR6113652,5
SRR6113653,5
SRR6113654,5
SRR6113655,5
SRR6113656,5
SRR6113657,5
SRR6113658,7
SRR6113659,7
SRR6113660,7
SRR6113661,7
SRR6113662,7
SRR6113663,7
SRR6113664,7
SRR6113665,7
SRR6113666,4
SRR6113667,4
SRR6113668,4
SRR6113669,4
SRR6113670,4
SRR6113671,4
SRR6113672,4
SRR6113673,4
SRR6113674,4
SRR6113675,4
SRR6113677,4
SRR6113678,4
SRR6113679,4
SRR6113680,4
SRR6113681,4
SRR6113682,6
SRR6113683,6
SRR6113684,6
SRR6113685,6
SRR6113687,6
SRR6113688,6
SRR6113689,6
SRR6113690,6
SRR6113691,6
SRR6113692,6
SRR6113693,6
SRR6113694,6
SRR6113695,6
SRR6113696,6
SRR6113697,6
SRR6113699,6
SRR6113701,6
SRR6113703,2
SRR6113704,2
SRR6113705,2
SRR6113708,10
SRR6113709,10
SRR6113710,2
SRR6113711,2
SRR6113712,2
SRR6113714,10
SRR6113715,10
SRR6113716,10
SRR6113717,10
SRR6113718,2
SRR6113719,2
SRR6113720,2
SRR6113721,2
SRR6113722,10
SRR6113723,10
SRR6113724,10
SRR6113725,10
SRR6113726,2
SRR6113727,2
SRR6113728,2
SRR6113729,2
SRR6113730,6
SRR6113731,6
SRR6113732,6
SRR6113733,6
SRR6113734,2
SRR6113735,2
SRR6113736,2
SRR6113737,2
SRR6113738,10
SRR6113739,10
SRR6113740,10
SRR6113741,10
SRR6113742,10
SRR6113743,10
SRR6113744,10
SRR6113745,10
SRR6113746,10
SRR6113748,10
SRR6113749,10
SRR6113750,2
SRR6113751,2
SRR6113752,2
SRR6113753,2
SRR6113754,10
SRR6113755,10
SRR6113756,10
SRR6113757,10
SRR6113758,2
SRR6113759,2
SRR6113760,2
SRR6113761,2
SRR6113762,10
SRR6113763,10
SRR6113764,10
SRR6113765,10
SRR6113766,2
SRR6113767,2
SRR6113768,2
SRR6113769,2
SRR6113770,6
SRR6113772,6
SRR6113773,6
SRR6113774,2
SRR6113776,2
SRR6113777,2
SRR6113778,6
SRR6113779,6
SRR6113780,6
SRR6113782,2
SRR6113783,2
SRR6113784,2
SRR6113785,2
SRR6113786,6
SRR6113787,6
SRR6113788,6
SRR6113790,2
SRR6113792,2
SRR6113793,2
SRR6113794,10
SRR6113795,10
SRR6113796,10
SRR6113797,10
SRR6113798,2
SRR6113799,2
SRR6113800,2
SRR6113801,2
SRR6113803,6
SRR6113804,6
SRR6113805,6
SRR6113806,2
SRR6113807,2
SRR6113810,10
SRR6113811,10
SRR6113812,10
SRR6113813,10
SRR6113815,2
SRR6113816,2
SRR6113817,2
SRR6113818,10
SRR6113819,10
SRR6113820,10
SRR6113822,2
SRR6113824,2
SRR6113825,2
SRR6113826,8
SRR6113827,8
SRR6113828,8
SRR6113829,8
SRR6113830,8
SRR6113831,8
SRR6113832,8
SRR6113833,8
SRR6113834,10
SRR6113835,10
SRR6113836,10
SRR6113837,10
SRR6113838,2
SRR6113839,2
SRR6113840,2
SRR6113841,2
SRR6113842,8
SRR6113843,8
SRR6113844,8
SRR6113845,8
SRR6113846,8
SRR6113847,8
SRR6113848,8
SRR6113849,8
SRR6113850,7
SRR6113851,1
SRR6113852,7
SRR6113853,1
SRR6113854,7
SRR6113855,7
SRR6113856,7
SRR6113857,1
SRR6113858,1
SRR6113859,7
SRR6113861,7
SRR6113862,7
SRR6113863,7
SRR6113864,7
SRR6113865,1
SRR6113866,7
SRR6113867,7
SRR6113868,7
SRR6113869,7
SRR6113870,7
SRR6113871,7
SRR6113872,7
