refinebio_accession_code	experiment_accession	refinebio_age	refinebio_cell_line	refinebio_compound	refinebio_developmental_stage	refinebio_disease	refinebio_disease_stage	refinebio_genetic_information	refinebio_organism	refinebio_platform	refinebio_processed	refinebio_processor_id	refinebio_processor_name	refinebio_processor_version	refinebio_race	refinebio_sex	refinebio_source_archive_url	refinebio_source_database	refinebio_specimen_part	refinebio_subject	refinebio_time	refinebio_title	refinebio_treatment
SRR6113361	SRP119064								MUS_MUSCULUS	NextSeq 500 (NextSeq500)	True	387	Tximport	v1.26.0-hotfix		male		SRA	hippocampus	hippocampus, wt, 4m		RD_1-30772751	
SRR6113362	SRP119064								MUS_MUSCULUS	NextSeq 500 (NextSeq500)	True	387	Tximport	v1.26.0-hotfix		male		SRA	hippocampus	hippocampus, wt, 4m		RD_1-30772751	
SRR6113363	SRP119064								MUS_MUSCULUS	NextSeq 500 (NextSeq500)	True	387	Tximport	v1.26.0-hotfix		male		SRA	hippocampus	hippocampus, wt, 4m		RD_1-30772751	
SRR6113364	SRP119064								MUS_MUSCULUS	NextSeq 500 (NextSeq500)	True	387	Tximport	v1.26.0-hotfix		male		SRA	hippocampus	hippocampus, wt, 4m		RD_1-30772751	
SRR6113365	SRP119064								MUS_MUSCULUS	NextSeq 500 (NextSeq500)	True	387	Tximport	v1.26.0-hotfix		male		SRA	hippocampus	hippocampus, wt, 4m		RD_1-30974037	
SRR6113367	SRP119064								MUS_MUSCULUS	NextSeq 500 (NextSeq500)	True	387	Tximport	v1.26.0-hotfix		male		SRA	hippocampus	hippocampus, wt, 4m		RD_1-30974037	
SRR6113368	SRP119064								MUS_MUSCULUS	NextSeq 500 (NextSeq500)	True	387	Tximport	v1.26.0-hotfix		male		SRA	hippocampus	hippocampus, wt, 4m		RD_1-30974037	
SRR6113369	SRP119064								MUS_MUSCULUS	NextSeq 500 (NextSeq500)	True	387	Tximport	v1.26.0-hotfix		male		SRA	hippocampus	hippocampus, trem2ko, 4m		RD_10-30747819	
SRR6113372	SRP119064								MUS_MUSCULUS	NextSeq 500 (NextSeq500)	True	387	Tximport	v1.26.0-hotfix		male		SRA	hippocampus	hippocampus, trem2ko, 4m		RD_10-30747819	
SRR6113373	SRP119064								MUS_MUSCULUS	NextSeq 500 (NextSeq500)	True	387	Tximport	v1.26.0-hotfix		male		SRA	hippocampus	hippocampus, trem2ko, 4m		RD_10-30996001	
SRR6113374	SRP119064								MUS_MUSCULUS	NextSeq 500 (NextSeq500)	True	387	Tximport	v1.26.0-hotfix		male		SRA	hippocampus	hippocampus, trem2ko, 4m		RD_10-30996001	
SRR6113375	SRP119064								MUS_MUSCULUS	NextSeq 500 (NextSeq500)	True	387	Tximport	v1.26.0-hotfix		male		SRA	hippocampus	hippocampus, trem2ko, 4m		RD_10-30996001	
SRR6113377	SRP119064								MUS_MUSCULUS	NextSeq 500 (NextSeq500)	True	387	Tximport	v1.26.0-hotfix		male		SRA	cortex	cortex, wt, 8m		RD_100-30892002	
SRR6113378	SRP119064								MUS_MUSCULUS	NextSeq 500 (NextSeq500)	True	387	Tximport	v1.26.0-hotfix		male		SRA	cortex	cortex, wt, 8m		RD_100-30892002	
SRR6113379	SRP119064								MUS_MUSCULUS	NextSeq 500 (NextSeq500)	True	387	Tximport	v1.26.0-hotfix		male		SRA	cortex	cortex, wt, 8m		RD_100-30892002	
SRR6113380	SRP119064								MUS_MUSCULUS	NextSeq 500 (NextSeq500)	True	387	Tximport	v1.26.0-hotfix		male		SRA	cortex	cortex, wt, 8m		RD_100-30892002	
SRR6113381	SRP119064								MUS_MUSCULUS	NextSeq 500 (NextSeq500)	True	387	Tximport	v1.26.0-hotfix		male		SRA	cortex	cortex, wt, 8m		RD_100-31394365	
SRR6113382	SRP119064								MUS_MUSCULUS	NextSeq 500 (NextSeq500)	True	387	Tximport	v1.26.0-hotfix		male		SRA	cortex	cortex, wt, 8m		RD_100-31394365	
SRR6113383	SRP119064								MUS_MUSCULUS	NextSeq 500 (NextSeq500)	True	387	Tximport	v1.26.0-hotfix		male		SRA	cortex	cortex, wt, 8m		RD_100-31394365	
SRR6113384	SRP119064								MUS_MUSCULUS	NextSeq 500 (NextSeq500)	True	387	Tximport	v1.26.0-hotfix		male		SRA	cortex	cortex, wt, 8m		RD_100-31394365	
SRR6113385	SRP119064								MUS_MUSCULUS	NextSeq 500 (NextSeq500)	True	387	Tximport	v1.26.0-hotfix		male		SRA	cortex	cortex, wt, 8m		RD_101-30908994	
SRR6113386	SRP119064								MUS_MUSCULUS	NextSeq 500 (NextSeq500)	True	387	Tximport	v1.26.0-hotfix		male		SRA	cortex	cortex, wt, 8m		RD_101-30908994	
SRR6113387	SRP119064								MUS_MUSCULUS	NextSeq 500 (NextSeq500)	True	387	Tximport	v1.26.0-hotfix		male		SRA	cortex	cortex, wt, 8m		RD_101-30908994	
SRR6113388	SRP119064								MUS_MUSCULUS	NextSeq 500 (NextSeq500)	True	387	Tximport	v1.26.0-hotfix		male		SRA	cortex	cortex, wt, 8m		RD_101-30908994	
SRR6113389	SRP119064								MUS_MUSCULUS	NextSeq 500 (NextSeq500)	True	387	Tximport	v1.26.0-hotfix		male		SRA	cortex	cortex, wt, 8m		RD_101-31391416	
SRR6113390	SRP119064								MUS_MUSCULUS	NextSeq 500 (NextSeq500)	True	387	Tximport	v1.26.0-hotfix		male		SRA	cortex	cortex, wt, 8m		RD_101-31391416	
SRR6113391	SRP119064								MUS_MUSCULUS	NextSeq 500 (NextSeq500)	True	387	Tximport	v1.26.0-hotfix		male		SRA	cortex	cortex, wt, 8m		RD_101-31391416	
SRR6113392	SRP119064								MUS_MUSCULUS	NextSeq 500 (NextSeq500)	True	387	Tximport	v1.26.0-hotfix		male		SRA	cortex	cortex, wt, 8m		RD_101-31391416	
SRR6113393	SRP119064								MUS_MUSCULUS	NextSeq 500 (NextSeq500)	True	387	Tximport	v1.26.0-hotfix		male		SRA	cortex	cortex, wt, 8m		RD_102-30890999	
SRR6113394	SRP119064								MUS_MUSCULUS	NextSeq 500 (NextSeq500)	True	387	Tximport	v1.26.0-hotfix		male		SRA	cortex	cortex, wt, 8m		RD_102-30890999	
SRR6113395	SRP119064								MUS_MUSCULUS	NextSeq 500 (NextSeq500)	True	387	Tximport	v1.26.0-hotfix		male		SRA	cortex	cortex, wt, 8m		RD_102-30890999	
SRR6113396	SRP119064								MUS_MUSCULUS	NextSeq 500 (NextSeq500)	True	387	Tximport	v1.26.0-hotfix		male		SRA	cortex	cortex, wt, 8m		RD_102-30890999	
SRR6113397	SRP119064								MUS_MUSCULUS	NextSeq 500 (NextSeq500)	True	387	Tximport	v1.26.0-hotfix		male		SRA	cortex	cortex, wt, 8m		RD_102-31391417	
SRR6113398	SRP119064								MUS_MUSCULUS	NextSeq 500 (NextSeq500)	True	387	Tximport	v1.26.0-hotfix		male		SRA	cortex	cortex, wt, 8m		RD_102-31391417	
SRR6113399	SRP119064								MUS_MUSCULUS	NextSeq 500 (NextSeq500)	True	387	Tximport	v1.26.0-hotfix		male		SRA	cortex	cortex, wt, 8m		RD_102-31391417	
SRR6113400	SRP119064								MUS_MUSCULUS	NextSeq 500 (NextSeq500)	True	387	Tximport	v1.26.0-hotfix		male		SRA	cortex	cortex, wt, 8m		RD_102-31391417	
SRR6113401	SRP119064								MUS_MUSCULUS	NextSeq 500 (NextSeq500)	True	387	Tximport	v1.26.0-hotfix		male		SRA	cortex	cortex, wt, 8m		RD_103-30894000	
SRR6113402	SRP119064								MUS_MUSCULUS	NextSeq 500 (NextSeq500)	True	387	Tximport	v1.26.0-hotfix		male		SRA	cortex	cortex, wt, 8m		RD_103-30894000	
SRR6113403	SRP119064								MUS_MUSCULUS	NextSeq 500 (NextSeq500)	True	387	Tximport	v1.26.0-hotfix		male		SRA	cortex	cortex, wt, 8m		RD_103-30894000	
SRR6113404	SRP119064								MUS_MUSCULUS	NextSeq 500 (NextSeq500)	True	387	Tximport	v1.26.0-hotfix		male		SRA	cortex	cortex, wt, 8m		RD_103-30894000	
SRR6113405	SRP119064								MUS_MUSCULUS	NextSeq 500 (NextSeq500)	True	387	Tximport	v1.26.0-hotfix		male		SRA	cortex	cortex, wt, 8m		RD_103-31384404	
SRR6113406	SRP119064								MUS_MUSCULUS	NextSeq 500 (NextSeq500)	True	387	Tximport	v1.26.0-hotfix		male		SRA	cortex	cortex, wt, 8m		RD_103-31384404	
SRR6113407	SRP119064								MUS_MUSCULUS	NextSeq 500 (NextSeq500)	True	387	Tximport	v1.26.0-hotfix		male		SRA	cortex	cortex, wt, 8m		RD_103-31384404	
SRR6113408	SRP119064								MUS_MUSCULUS	NextSeq 500 (NextSeq500)	True	387	Tximport	v1.26.0-hotfix		male		SRA	cortex	cortex, wt, 8m		RD_103-31384404	
SRR6113410	SRP119064								MUS_MUSCULUS	NextSeq 500 (NextSeq500)	True	387	Tximport	v1.26.0-hotfix		male		SRA	cortex	cortex, wt, 8m		RD_104-30903952	
SRR6113411	SRP119064								MUS_MUSCULUS	NextSeq 500 (NextSeq500)	True	387	Tximport	v1.26.0-hotfix		male		SRA	cortex	cortex, wt, 8m		RD_104-30903952	
SRR6113412	SRP119064								MUS_MUSCULUS	NextSeq 500 (NextSeq500)	True	387	Tximport	v1.26.0-hotfix		male		SRA	cortex	cortex, wt, 8m		RD_104-30903952	
SRR6113413	SRP119064								MUS_MUSCULUS	NextSeq 500 (NextSeq500)	True	387	Tximport	v1.26.0-hotfix		male		SRA	cortex	cortex, wt, 8m		RD_104-31395369	
SRR6113414	SRP119064								MUS_MUSCULUS	NextSeq 500 (NextSeq500)	True	387	Tximport	v1.26.0-hotfix		male		SRA	cortex	cortex, wt, 8m		RD_104-31395369	
SRR6113415	SRP119064								MUS_MUSCULUS	NextSeq 500 (NextSeq500)	True	387	Tximport	v1.26.0-hotfix		male		SRA	cortex	cortex, wt, 8m		RD_104-31395369	
SRR6113416	SRP119064								MUS_MUSCULUS	NextSeq 500 (NextSeq500)	True	387	Tximport	v1.26.0-hotfix		male		SRA	cortex	cortex, wt, 8m		RD_104-31395369	
SRR6113417	SRP119064								MUS_MUSCULUS	NextSeq 500 (NextSeq500)	True	387	Tximport	v1.26.0-hotfix		male		SRA	cortex	cortex, trem2ko, 8m		RD_105-30887042	
SRR6113418	SRP119064								MUS_MUSCULUS	NextSeq 500 (NextSeq500)	True	387	Tximport	v1.26.0-hotfix		male		SRA	cortex	cortex, trem2ko, 8m		RD_105-30887042	
SRR6113419	SRP119064								MUS_MUSCULUS	NextSeq 500 (NextSeq500)	True	387	Tximport	v1.26.0-hotfix		male		SRA	cortex	cortex, trem2ko, 8m		RD_105-30887042	
SRR6113420	SRP119064								MUS_MUSCULUS	NextSeq 500 (NextSeq500)	True	387	Tximport	v1.26.0-hotfix		male		SRA	cortex	cortex, trem2ko, 8m		RD_105-30887042	
SRR6113421	SRP119064								MUS_MUSCULUS	NextSeq 500 (NextSeq500)	True	387	Tximport	v1.26.0-hotfix		male		SRA	cortex	cortex, trem2ko, 8m		RD_105-31392369	
SRR6113422	SRP119064								MUS_MUSCULUS	NextSeq 500 (NextSeq500)	True	387	Tximport	v1.26.0-hotfix		male		SRA	cortex	cortex, trem2ko, 8m		RD_105-31392369	
SRR6113423	SRP119064								MUS_MUSCULUS	NextSeq 500 (NextSeq500)	True	387	Tximport	v1.26.0-hotfix		male		SRA	cortex	cortex, trem2ko, 8m		RD_105-31392369	
SRR6113424	SRP119064								MUS_MUSCULUS	NextSeq 500 (NextSeq500)	True	387	Tximport	v1.26.0-hotfix		male		SRA	cortex	cortex, trem2ko, 8m		RD_105-31392369	
SRR6113425	SRP119064								MUS_MUSCULUS	NextSeq 500 (NextSeq500)	True	387	Tximport	v1.26.0-hotfix		male		SRA	cortex	cortex, trem2ko, 8m		RD_106-30893060	
SRR6113426	SRP119064								MUS_MUSCULUS	NextSeq 500 (NextSeq500)	True	387	Tximport	v1.26.0-hotfix		male		SRA	cortex	cortex, trem2ko, 8m		RD_106-30893060	
SRR6113427	SRP119064								MUS_MUSCULUS	NextSeq 500 (NextSeq500)	True	387	Tximport	v1.26.0-hotfix		male		SRA	cortex	cortex, trem2ko, 8m		RD_106-30893060	
SRR6113428	SRP119064								MUS_MUSCULUS	NextSeq 500 (NextSeq500)	True	387	Tximport	v1.26.0-hotfix		male		SRA	cortex	cortex, trem2ko, 8m		RD_106-30893060	
SRR6113429	SRP119064								MUS_MUSCULUS	NextSeq 500 (NextSeq500)	True	387	Tximport	v1.26.0-hotfix		male		SRA	cortex	cortex, trem2ko, 8m		RD_106-31379405	
SRR6113430	SRP119064								MUS_MUSCULUS	NextSeq 500 (NextSeq500)	True	387	Tximport	v1.26.0-hotfix		male		SRA	cortex	cortex, trem2ko, 8m		RD_106-31379405	
SRR6113431	SRP119064								MUS_MUSCULUS	NextSeq 500 (NextSeq500)	True	387	Tximport	v1.26.0-hotfix		male		SRA	cortex	cortex, trem2ko, 8m		RD_106-31379405	
SRR6113432	SRP119064								MUS_MUSCULUS	NextSeq 500 (NextSeq500)	True	387	Tximport	v1.26.0-hotfix		male		SRA	cortex	cortex, trem2ko, 8m		RD_106-31379405	
SRR6113433	SRP119064								MUS_MUSCULUS	NextSeq 500 (NextSeq500)	True	387	Tximport	v1.26.0-hotfix		male		SRA	cortex	cortex, trem2ko, 8m		RD_107-30905952	
SRR6113434	SRP119064								MUS_MUSCULUS	NextSeq 500 (NextSeq500)	True	387	Tximport	v1.26.0-hotfix		male		SRA	cortex	cortex, trem2ko, 8m		RD_107-30905952	
SRR6113435	SRP119064								MUS_MUSCULUS	NextSeq 500 (NextSeq500)	True	387	Tximport	v1.26.0-hotfix		male		SRA	cortex	cortex, trem2ko, 8m		RD_107-30905952	
SRR6113437	SRP119064								MUS_MUSCULUS	NextSeq 500 (NextSeq500)	True	387	Tximport	v1.26.0-hotfix		male		SRA	cortex	cortex, trem2ko, 8m		RD_107-31388422	
SRR6113438	SRP119064								MUS_MUSCULUS	NextSeq 500 (NextSeq500)	True	387	Tximport	v1.26.0-hotfix		male		SRA	cortex	cortex, trem2ko, 8m		RD_107-31388422	
SRR6113439	SRP119064								MUS_MUSCULUS	NextSeq 500 (NextSeq500)	True	387	Tximport	v1.26.0-hotfix		male		SRA	cortex	cortex, trem2ko, 8m		RD_107-31388422	
SRR6113440	SRP119064								MUS_MUSCULUS	NextSeq 500 (NextSeq500)	True	387	Tximport	v1.26.0-hotfix		male		SRA	cortex	cortex, trem2ko, 8m		RD_107-31388422	
SRR6113441	SRP119064								MUS_MUSCULUS	NextSeq 500 (NextSeq500)	True	387	Tximport	v1.26.0-hotfix		male		SRA	cortex	cortex, trem2ko, 8m		RD_108-30893061	
SRR6113442	SRP119064								MUS_MUSCULUS	NextSeq 500 (NextSeq500)	True	387	Tximport	v1.26.0-hotfix		male		SRA	cortex	cortex, trem2ko, 8m		RD_108-30893061	
SRR6113443	SRP119064								MUS_MUSCULUS	NextSeq 500 (NextSeq500)	True	387	Tximport	v1.26.0-hotfix		male		SRA	cortex	cortex, trem2ko, 8m		RD_108-30893061	
SRR6113444	SRP119064								MUS_MUSCULUS	NextSeq 500 (NextSeq500)	True	387	Tximport	v1.26.0-hotfix		male		SRA	cortex	cortex, trem2ko, 8m		RD_108-30893061	
SRR6113446	SRP119064								MUS_MUSCULUS	NextSeq 500 (NextSeq500)	True	387	Tximport	v1.26.0-hotfix		male		SRA	cortex	cortex, trem2ko, 8m		RD_108-31394364	
SRR6113447	SRP119064								MUS_MUSCULUS	NextSeq 500 (NextSeq500)	True	387	Tximport	v1.26.0-hotfix		male		SRA	cortex	cortex, trem2ko, 8m		RD_108-31394364	
SRR6113448	SRP119064								MUS_MUSCULUS	NextSeq 500 (NextSeq500)	True	387	Tximport	v1.26.0-hotfix		male		SRA	cortex	cortex, trem2ko, 8m		RD_108-31394364	
SRR6113449	SRP119064								MUS_MUSCULUS	NextSeq 500 (NextSeq500)	True	387	Tximport	v1.26.0-hotfix		male		SRA	cortex	cortex, trem2ko, 8m		RD_109-30900008	
SRR6113450	SRP119064								MUS_MUSCULUS	NextSeq 500 (NextSeq500)	True	387	Tximport	v1.26.0-hotfix		male		SRA	cortex	cortex, trem2ko, 8m		RD_109-30900008	
SRR6113451	SRP119064								MUS_MUSCULUS	NextSeq 500 (NextSeq500)	True	387	Tximport	v1.26.0-hotfix		male		SRA	cortex	cortex, trem2ko, 8m		RD_109-30900008	
SRR6113452	SRP119064								MUS_MUSCULUS	NextSeq 500 (NextSeq500)	True	387	Tximport	v1.26.0-hotfix		male		SRA	cortex	cortex, trem2ko, 8m		RD_109-30900008	
SRR6113453	SRP119064								MUS_MUSCULUS	NextSeq 500 (NextSeq500)	True	387	Tximport	v1.26.0-hotfix		male		SRA	cortex	cortex, trem2ko, 8m		RD_109-31388423	
SRR6113454	SRP119064								MUS_MUSCULUS	NextSeq 500 (NextSeq500)	True	387	Tximport	v1.26.0-hotfix		male		SRA	cortex	cortex, trem2ko, 8m		RD_109-31388423	
SRR6113455	SRP119064								MUS_MUSCULUS	NextSeq 500 (NextSeq500)	True	387	Tximport	v1.26.0-hotfix		male		SRA	cortex	cortex, trem2ko, 8m		RD_109-31388423	
SRR6113456	SRP119064								MUS_MUSCULUS	NextSeq 500 (NextSeq500)	True	387	Tximport	v1.26.0-hotfix		male		SRA	cortex	cortex, trem2ko, 8m		RD_109-31388423	
SRR6113457	SRP119064								MUS_MUSCULUS	NextSeq 500 (NextSeq500)	True	387	Tximport	v1.26.0-hotfix		male		SRA	hippocampus	hippocampus, trem2ko, 4m		RD_11-30754834	
SRR6113458	SRP119064								MUS_MUSCULUS	NextSeq 500 (NextSeq500)	True	387	Tximport	v1.26.0-hotfix		male		SRA	hippocampus	hippocampus, trem2ko, 4m		RD_11-30754834	
SRR6113459	SRP119064								MUS_MUSCULUS	NextSeq 500 (NextSeq500)	True	387	Tximport	v1.26.0-hotfix		male		SRA	hippocampus	hippocampus, trem2ko, 4m		RD_11-30754834	
SRR6113460	SRP119064								MUS_MUSCULUS	NextSeq 500 (NextSeq500)	True	387	Tximport	v1.26.0-hotfix		male		SRA	hippocampus	hippocampus, trem2ko, 4m		RD_11-30754834	
SRR6113461	SRP119064								MUS_MUSCULUS	NextSeq 500 (NextSeq500)	True	387	Tximport	v1.26.0-hotfix		male		SRA	hippocampus	hippocampus, trem2ko, 4m		RD_11-30974039	
SRR6113462	SRP119064								MUS_MUSCULUS	NextSeq 500 (NextSeq500)	True	387	Tximport	v1.26.0-hotfix		male		SRA	hippocampus	hippocampus, trem2ko, 4m		RD_11-30974039	
SRR6113463	SRP119064								MUS_MUSCULUS	NextSeq 500 (NextSeq500)	True	387	Tximport	v1.26.0-hotfix		male		SRA	hippocampus	hippocampus, trem2ko, 4m		RD_11-30974039	
SRR6113464	SRP119064								MUS_MUSCULUS	NextSeq 500 (NextSeq500)	True	387	Tximport	v1.26.0-hotfix		male		SRA	hippocampus	hippocampus, trem2ko, 4m		RD_11-30974039	
SRR6113465	SRP119064								MUS_MUSCULUS	NextSeq 500 (NextSeq500)	True	387	Tximport	v1.26.0-hotfix		male		SRA	cortex	cortex, trem2ko, 8m		RD_110-30909943	
SRR6113466	SRP119064								MUS_MUSCULUS	NextSeq 500 (NextSeq500)	True	387	Tximport	v1.26.0-hotfix		male		SRA	cortex	cortex, trem2ko, 8m		RD_110-30909943	
SRR6113467	SRP119064								MUS_MUSCULUS	NextSeq 500 (NextSeq500)	True	387	Tximport	v1.26.0-hotfix		male		SRA	cortex	cortex, trem2ko, 8m		RD_110-30909943	
SRR6113468	SRP119064								MUS_MUSCULUS	NextSeq 500 (NextSeq500)	True	387	Tximport	v1.26.0-hotfix		male		SRA	cortex	cortex, trem2ko, 8m		RD_110-30909943	
SRR6113469	SRP119064								MUS_MUSCULUS	NextSeq 500 (NextSeq500)	True	387	Tximport	v1.26.0-hotfix		male		SRA	cortex	cortex, trem2ko, 8m		RD_110-31388424	
SRR6113470	SRP119064								MUS_MUSCULUS	NextSeq 500 (NextSeq500)	True	387	Tximport	v1.26.0-hotfix		male		SRA	cortex	cortex, trem2ko, 8m		RD_110-31388424	
SRR6113471	SRP119064								MUS_MUSCULUS	NextSeq 500 (NextSeq500)	True	387	Tximport	v1.26.0-hotfix		male		SRA	cortex	cortex, trem2ko, 8m		RD_110-31388424	
SRR6113472	SRP119064								MUS_MUSCULUS	NextSeq 500 (NextSeq500)	True	387	Tximport	v1.26.0-hotfix		male		SRA	cortex	cortex, trem2ko, 8m		RD_110-31388424	
SRR6113473	SRP119064								MUS_MUSCULUS	NextSeq 500 (NextSeq500)	True	387	Tximport	v1.26.0-hotfix		male		SRA	cortex	cortex, trem2ko, 8m		RD_111-30888013	
SRR6113474	SRP119064								MUS_MUSCULUS	NextSeq 500 (NextSeq500)	True	387	Tximport	v1.26.0-hotfix		male		SRA	cortex	cortex, trem2ko, 8m		RD_111-30888013	
SRR6113475	SRP119064								MUS_MUSCULUS	NextSeq 500 (NextSeq500)	True	387	Tximport	v1.26.0-hotfix		male		SRA	cortex	cortex, trem2ko, 8m		RD_111-30888013	
SRR6113476	SRP119064								MUS_MUSCULUS	NextSeq 500 (NextSeq500)	True	387	Tximport	v1.26.0-hotfix		male		SRA	cortex	cortex, trem2ko, 8m		RD_111-30888013	
SRR6113477	SRP119064								MUS_MUSCULUS	NextSeq 500 (NextSeq500)	True	387	Tximport	v1.26.0-hotfix		male		SRA	cortex	cortex, trem2ko, 8m		RD_111-31371487	
SRR6113478	SRP119064								MUS_MUSCULUS	NextSeq 500 (NextSeq500)	True	387	Tximport	v1.26.0-hotfix		male		SRA	cortex	cortex, trem2ko, 8m		RD_111-31371487	
SRR6113479	SRP119064								MUS_MUSCULUS	NextSeq 500 (NextSeq500)	True	387	Tximport	v1.26.0-hotfix		male		SRA	cortex	cortex, trem2ko, 8m		RD_111-31371487	
SRR6113480	SRP119064								MUS_MUSCULUS	NextSeq 500 (NextSeq500)	True	387	Tximport	v1.26.0-hotfix		male		SRA	cortex	cortex, trem2ko, 8m		RD_111-31371487	
SRR6113481	SRP119064								MUS_MUSCULUS	NextSeq 500 (NextSeq500)	True	387	Tximport	v1.26.0-hotfix		male		SRA	cortex	cortex, trem2ko, 8m		RD_112-30900070	
SRR6113482	SRP119064								MUS_MUSCULUS	NextSeq 500 (NextSeq500)	True	387	Tximport	v1.26.0-hotfix		male		SRA	cortex	cortex, trem2ko, 8m		RD_112-30900070	
SRR6113483	SRP119064								MUS_MUSCULUS	NextSeq 500 (NextSeq500)	True	387	Tximport	v1.26.0-hotfix		male		SRA	cortex	cortex, trem2ko, 8m		RD_112-30900070	
SRR6113484	SRP119064								MUS_MUSCULUS	NextSeq 500 (NextSeq500)	True	387	Tximport	v1.26.0-hotfix		male		SRA	cortex	cortex, trem2ko, 8m		RD_112-30900070	
SRR6113485	SRP119064								MUS_MUSCULUS	NextSeq 500 (NextSeq500)	True	387	Tximport	v1.26.0-hotfix		male		SRA	cortex	cortex, trem2ko, 8m		RD_112-31384402	
SRR6113486	SRP119064								MUS_MUSCULUS	NextSeq 500 (NextSeq500)	True	387	Tximport	v1.26.0-hotfix		male		SRA	cortex	cortex, trem2ko, 8m		RD_112-31384402	
SRR6113487	SRP119064								MUS_MUSCULUS	NextSeq 500 (NextSeq500)	True	387	Tximport	v1.26.0-hotfix		male		SRA	cortex	cortex, trem2ko, 8m		RD_112-31384402	
SRR6113488	SRP119064								MUS_MUSCULUS	NextSeq 500 (NextSeq500)	True	387	Tximport	v1.26.0-hotfix		male		SRA	cortex	cortex, trem2ko, 8m		RD_112-31384402	
SRR6113489	SRP119064								MUS_MUSCULUS	NextSeq 500 (NextSeq500)	True	387	Tximport	v1.26.0-hotfix		male		SRA	hippocampus	hippocampus, trem2ko, 4m		RD_12-30769752	
SRR6113490	SRP119064								MUS_MUSCULUS	NextSeq 500 (NextSeq500)	True	387	Tximport	v1.26.0-hotfix		male		SRA	hippocampus	hippocampus, trem2ko, 4m		RD_12-30769752	
SRR6113491	SRP119064								MUS_MUSCULUS	NextSeq 500 (NextSeq500)	True	387	Tximport	v1.26.0-hotfix		male		SRA	hippocampus	hippocampus, trem2ko, 4m		RD_12-30769752	
SRR6113492	SRP119064								MUS_MUSCULUS	NextSeq 500 (NextSeq500)	True	387	Tximport	v1.26.0-hotfix		male		SRA	hippocampus	hippocampus, trem2ko, 4m		RD_12-30769752	
SRR6113493	SRP119064								MUS_MUSCULUS	NextSeq 500 (NextSeq500)	True	387	Tximport	v1.26.0-hotfix		male		SRA	hippocampus	hippocampus, trem2ko, 4m		RD_12-30977063	
SRR6113494	SRP119064								MUS_MUSCULUS	NextSeq 500 (NextSeq500)	True	387	Tximport	v1.26.0-hotfix		male		SRA	hippocampus	hippocampus, trem2ko, 4m		RD_12-30977063	
SRR6113495	SRP119064								MUS_MUSCULUS	NextSeq 500 (NextSeq500)	True	387	Tximport	v1.26.0-hotfix		male		SRA	hippocampus	hippocampus, trem2ko, 4m		RD_12-30977063	
SRR6113496	SRP119064								MUS_MUSCULUS	NextSeq 500 (NextSeq500)	True	387	Tximport	v1.26.0-hotfix		male		SRA	hippocampus	hippocampus, trem2ko, 4m		RD_12-30977063	
SRR6113497	SRP119064								MUS_MUSCULUS	NextSeq 500 (NextSeq500)	True	387	Tximport	v1.26.0-hotfix		male		SRA	hippocampus	hippocampus, trem2ko, 4m		RD_13-30754835	
SRR6113498	SRP119064								MUS_MUSCULUS	NextSeq 500 (NextSeq500)	True	387	Tximport	v1.26.0-hotfix		male		SRA	hippocampus	hippocampus, trem2ko, 4m		RD_13-30754835	
SRR6113499	SRP119064								MUS_MUSCULUS	NextSeq 500 (NextSeq500)	True	387	Tximport	v1.26.0-hotfix		male		SRA	hippocampus	hippocampus, trem2ko, 4m		RD_13-30754835	
SRR6113500	SRP119064								MUS_MUSCULUS	NextSeq 500 (NextSeq500)	True	387	Tximport	v1.26.0-hotfix		male		SRA	hippocampus	hippocampus, trem2ko, 4m		RD_13-30754835	
SRR6113501	SRP119064								MUS_MUSCULUS	NextSeq 500 (NextSeq500)	True	387	Tximport	v1.26.0-hotfix		male		SRA	hippocampus	hippocampus, trem2ko, 4m		RD_13-30978067	
SRR6113502	SRP119064								MUS_MUSCULUS	NextSeq 500 (NextSeq500)	True	387	Tximport	v1.26.0-hotfix		male		SRA	hippocampus	hippocampus, trem2ko, 4m		RD_13-30978067	
SRR6113503	SRP119064								MUS_MUSCULUS	NextSeq 500 (NextSeq500)	True	387	Tximport	v1.26.0-hotfix		male		SRA	hippocampus	hippocampus, trem2ko, 4m		RD_13-30978067	
SRR6113504	SRP119064								MUS_MUSCULUS	NextSeq 500 (NextSeq500)	True	387	Tximport	v1.26.0-hotfix		male		SRA	hippocampus	hippocampus, trem2ko, 4m		RD_13-30978067	
SRR6113505	SRP119064								MUS_MUSCULUS	NextSeq 500 (NextSeq500)	True	387	Tximport	v1.26.0-hotfix		male		SRA	hippocampus	hippocampus, trem2ko, 4m		RD_14-30770753	
SRR6113506	SRP119064								MUS_MUSCULUS	NextSeq 500 (NextSeq500)	True	387	Tximport	v1.26.0-hotfix		male		SRA	hippocampus	hippocampus, trem2ko, 4m		RD_14-30770753	
SRR6113507	SRP119064								MUS_MUSCULUS	NextSeq 500 (NextSeq500)	True	387	Tximport	v1.26.0-hotfix		male		SRA	hippocampus	hippocampus, trem2ko, 4m		RD_14-30770753	
SRR6113508	SRP119064								MUS_MUSCULUS	NextSeq 500 (NextSeq500)	True	387	Tximport	v1.26.0-hotfix		male		SRA	hippocampus	hippocampus, trem2ko, 4m		RD_14-30770753	
SRR6113509	SRP119064								MUS_MUSCULUS	NextSeq 500 (NextSeq500)	True	387	Tximport	v1.26.0-hotfix		male		SRA	hippocampus	hippocampus, trem2ko, 4m		RD_14-30916087	
SRR6113510	SRP119064								MUS_MUSCULUS	NextSeq 500 (NextSeq500)	True	387	Tximport	v1.26.0-hotfix		male		SRA	hippocampus	hippocampus, trem2ko, 4m		RD_14-30916087	
SRR6113511	SRP119064								MUS_MUSCULUS	NextSeq 500 (NextSeq500)	True	387	Tximport	v1.26.0-hotfix		male		SRA	hippocampus	hippocampus, trem2ko, 4m		RD_14-30916087	
SRR6113512	SRP119064								MUS_MUSCULUS	NextSeq 500 (NextSeq500)	True	387	Tximport	v1.26.0-hotfix		male		SRA	hippocampus	hippocampus, trem2ko, 4m		RD_14-30916087	
SRR6113513	SRP119064								MUS_MUSCULUS	NextSeq 500 (NextSeq500)	True	387	Tximport	v1.26.0-hotfix		male		SRA	hippocampus	hippocampus, trem2ko, 4m		RD_15-30766750	
SRR6113514	SRP119064								MUS_MUSCULUS	NextSeq 500 (NextSeq500)	True	387	Tximport	v1.26.0-hotfix		male		SRA	hippocampus	hippocampus, trem2ko, 4m		RD_15-30766750	
SRR6113515	SRP119064								MUS_MUSCULUS	NextSeq 500 (NextSeq500)	True	387	Tximport	v1.26.0-hotfix		male		SRA	hippocampus	hippocampus, trem2ko, 4m		RD_15-30766750	
SRR6113516	SRP119064								MUS_MUSCULUS	NextSeq 500 (NextSeq500)	True	387	Tximport	v1.26.0-hotfix		male		SRA	hippocampus	hippocampus, trem2ko, 4m		RD_15-30766750	
SRR6113517	SRP119064								MUS_MUSCULUS	NextSeq 500 (NextSeq500)	True	387	Tximport	v1.26.0-hotfix		male		SRA	hippocampus	hippocampus, trem2ko, 4m		RD_15-30974040	
SRR6113518	SRP119064								MUS_MUSCULUS	NextSeq 500 (NextSeq500)	True	387	Tximport	v1.26.0-hotfix		male		SRA	hippocampus	hippocampus, trem2ko, 4m		RD_15-30974040	
SRR6113519	SRP119064								MUS_MUSCULUS	NextSeq 500 (NextSeq500)	True	387	Tximport	v1.26.0-hotfix		male		SRA	hippocampus	hippocampus, trem2ko, 4m		RD_15-30974040	
SRR6113520	SRP119064								MUS_MUSCULUS	NextSeq 500 (NextSeq500)	True	387	Tximport	v1.26.0-hotfix		male		SRA	hippocampus	hippocampus, trem2ko, 4m		RD_15-30974040	
SRR6113521	SRP119064								MUS_MUSCULUS	NextSeq 500 (NextSeq500)	True	387	Tximport	v1.26.0-hotfix		male		SRA	hippocampus	hippocampus, trem2ko, 4m		RD_16-30749821	
SRR6113522	SRP119064								MUS_MUSCULUS	NextSeq 500 (NextSeq500)	True	387	Tximport	v1.26.0-hotfix		male		SRA	hippocampus	hippocampus, trem2ko, 4m		RD_16-30749821	
SRR6113523	SRP119064								MUS_MUSCULUS	NextSeq 500 (NextSeq500)	True	387	Tximport	v1.26.0-hotfix		male		SRA	hippocampus	hippocampus, trem2ko, 4m		RD_16-30749821	
SRR6113524	SRP119064								MUS_MUSCULUS	NextSeq 500 (NextSeq500)	True	387	Tximport	v1.26.0-hotfix		male		SRA	hippocampus	hippocampus, trem2ko, 4m		RD_16-30749821	
SRR6113525	SRP119064								MUS_MUSCULUS	NextSeq 500 (NextSeq500)	True	387	Tximport	v1.26.0-hotfix		male		SRA	hippocampus	hippocampus, trem2ko, 4m		RD_16-30996993	
SRR6113526	SRP119064								MUS_MUSCULUS	NextSeq 500 (NextSeq500)	True	387	Tximport	v1.26.0-hotfix		male		SRA	hippocampus	hippocampus, trem2ko, 4m		RD_16-30996993	
SRR6113527	SRP119064								MUS_MUSCULUS	NextSeq 500 (NextSeq500)	True	387	Tximport	v1.26.0-hotfix		male		SRA	hippocampus	hippocampus, trem2ko, 4m		RD_16-30996993	
SRR6113528	SRP119064								MUS_MUSCULUS	NextSeq 500 (NextSeq500)	True	387	Tximport	v1.26.0-hotfix		male		SRA	hippocampus	hippocampus, trem2ko, 4m		RD_16-30996993	
SRR6113529	SRP119064								MUS_MUSCULUS	NextSeq 500 (NextSeq500)	True	387	Tximport	v1.26.0-hotfix		male		SRA	hippocampus	hippocampus, wt, 4m		RD_2-30767762	
SRR6113530	SRP119064								MUS_MUSCULUS	NextSeq 500 (NextSeq500)	True	387	Tximport	v1.26.0-hotfix		male		SRA	hippocampus	hippocampus, wt, 4m		RD_2-30767762	
SRR6113531	SRP119064								MUS_MUSCULUS	NextSeq 500 (NextSeq500)	True	387	Tximport	v1.26.0-hotfix		male		SRA	hippocampus	hippocampus, wt, 4m		RD_2-30767762	
SRR6113532	SRP119064								MUS_MUSCULUS	NextSeq 500 (NextSeq500)	True	387	Tximport	v1.26.0-hotfix		male		SRA	hippocampus	hippocampus, wt, 4m		RD_2-30767762	
SRR6113533	SRP119064								MUS_MUSCULUS	NextSeq 500 (NextSeq500)	True	387	Tximport	v1.26.0-hotfix		male		SRA	hippocampus	hippocampus, wt, 4m		RD_2-30999000	
SRR6113534	SRP119064								MUS_MUSCULUS	NextSeq 500 (NextSeq500)	True	387	Tximport	v1.26.0-hotfix		male		SRA	hippocampus	hippocampus, wt, 4m		RD_2-30999000	
SRR6113535	SRP119064								MUS_MUSCULUS	NextSeq 500 (NextSeq500)	True	387	Tximport	v1.26.0-hotfix		male		SRA	hippocampus	hippocampus, wt, 4m		RD_2-30999000	
SRR6113536	SRP119064								MUS_MUSCULUS	NextSeq 500 (NextSeq500)	True	387	Tximport	v1.26.0-hotfix		male		SRA	hippocampus	hippocampus, wt, 4m		RD_2-30999000	
SRR6113537	SRP119064								MUS_MUSCULUS	NextSeq 500 (NextSeq500)	True	387	Tximport	v1.26.0-hotfix		male		SRA	hippocampus	hippocampus, wt, 4m		RD_3-30766751	
SRR6113538	SRP119064								MUS_MUSCULUS	NextSeq 500 (NextSeq500)	True	387	Tximport	v1.26.0-hotfix		male		SRA	hippocampus	hippocampus, wt, 4m		RD_3-30766751	
SRR6113539	SRP119064								MUS_MUSCULUS	NextSeq 500 (NextSeq500)	True	387	Tximport	v1.26.0-hotfix		male		SRA	hippocampus	hippocampus, wt, 4m		RD_3-30766751	
SRR6113540	SRP119064								MUS_MUSCULUS	NextSeq 500 (NextSeq500)	True	387	Tximport	v1.26.0-hotfix		male		SRA	hippocampus	hippocampus, wt, 4m		RD_3-30766751	
SRR6113541	SRP119064								MUS_MUSCULUS	NextSeq 500 (NextSeq500)	True	387	Tximport	v1.26.0-hotfix		male		SRA	hippocampus	hippocampus, wt, 4m		RD_3-30996000	
SRR6113542	SRP119064								MUS_MUSCULUS	NextSeq 500 (NextSeq500)	True	387	Tximport	v1.26.0-hotfix		male		SRA	hippocampus	hippocampus, wt, 4m		RD_3-30996000	
SRR6113543	SRP119064								MUS_MUSCULUS	NextSeq 500 (NextSeq500)	True	387	Tximport	v1.26.0-hotfix		male		SRA	hippocampus	hippocampus, wt, 4m		RD_3-30996000	
SRR6113544	SRP119064								MUS_MUSCULUS	NextSeq 500 (NextSeq500)	True	387	Tximport	v1.26.0-hotfix		male		SRA	hippocampus	hippocampus, wt, 4m		RD_3-30996000	
SRR6113545	SRP119064								MUS_MUSCULUS	NextSeq 500 (NextSeq500)	True	387	Tximport	v1.26.0-hotfix		male		SRA	cortex	cortex, wt, 4m		RD_33-30783905	
SRR6113546	SRP119064								MUS_MUSCULUS	NextSeq 500 (NextSeq500)	True	387	Tximport	v1.26.0-hotfix		male		SRA	cortex	cortex, wt, 4m		RD_33-30783905	
SRR6113547	SRP119064								MUS_MUSCULUS	NextSeq 500 (NextSeq500)	True	387	Tximport	v1.26.0-hotfix		male		SRA	cortex	cortex, wt, 4m		RD_33-30783905	
SRR6113548	SRP119064								MUS_MUSCULUS	NextSeq 500 (NextSeq500)	True	387	Tximport	v1.26.0-hotfix		male		SRA	cortex	cortex, wt, 4m		RD_33-30783905	
SRR6113549	SRP119064								MUS_MUSCULUS	NextSeq 500 (NextSeq500)	True	387	Tximport	v1.26.0-hotfix		male		SRA	cortex	cortex, wt, 4m		RD_33-31015047	
SRR6113550	SRP119064								MUS_MUSCULUS	NextSeq 500 (NextSeq500)	True	387	Tximport	v1.26.0-hotfix		male		SRA	cortex	cortex, wt, 4m		RD_33-31015047	
SRR6113551	SRP119064								MUS_MUSCULUS	NextSeq 500 (NextSeq500)	True	387	Tximport	v1.26.0-hotfix		male		SRA	cortex	cortex, wt, 4m		RD_33-31015047	
SRR6113552	SRP119064								MUS_MUSCULUS	NextSeq 500 (NextSeq500)	True	387	Tximport	v1.26.0-hotfix		male		SRA	cortex	cortex, wt, 4m		RD_33-31015047	
SRR6113553	SRP119064								MUS_MUSCULUS	NextSeq 500 (NextSeq500)	True	387	Tximport	v1.26.0-hotfix		male		SRA	cortex	cortex, wt, 4m		RD_34-30778131	
SRR6113554	SRP119064								MUS_MUSCULUS	NextSeq 500 (NextSeq500)	True	387	Tximport	v1.26.0-hotfix		male		SRA	cortex	cortex, wt, 4m		RD_34-30778131	
SRR6113555	SRP119064								MUS_MUSCULUS	NextSeq 500 (NextSeq500)	True	387	Tximport	v1.26.0-hotfix		male		SRA	cortex	cortex, wt, 4m		RD_34-30778131	
SRR6113556	SRP119064								MUS_MUSCULUS	NextSeq 500 (NextSeq500)	True	387	Tximport	v1.26.0-hotfix		male		SRA	cortex	cortex, wt, 4m		RD_34-30778131	
SRR6113557	SRP119064								MUS_MUSCULUS	NextSeq 500 (NextSeq500)	True	387	Tximport	v1.26.0-hotfix		male		SRA	cortex	cortex, wt, 4m		RD_34-31014060	
SRR6113558	SRP119064								MUS_MUSCULUS	NextSeq 500 (NextSeq500)	True	387	Tximport	v1.26.0-hotfix		male		SRA	cortex	cortex, wt, 4m		RD_34-31014060	
SRR6113559	SRP119064								MUS_MUSCULUS	NextSeq 500 (NextSeq500)	True	387	Tximport	v1.26.0-hotfix		male		SRA	cortex	cortex, wt, 4m		RD_34-31014060	
SRR6113560	SRP119064								MUS_MUSCULUS	NextSeq 500 (NextSeq500)	True	387	Tximport	v1.26.0-hotfix		male		SRA	cortex	cortex, wt, 4m		RD_34-31014060	
SRR6113561	SRP119064								MUS_MUSCULUS	NextSeq 500 (NextSeq500)	True	387	Tximport	v1.26.0-hotfix		male		SRA	cortex	cortex, wt, 4m		RD_35-30770171	
SRR6113562	SRP119064								MUS_MUSCULUS	NextSeq 500 (NextSeq500)	True	387	Tximport	v1.26.0-hotfix		male		SRA	cortex	cortex, wt, 4m		RD_35-30770171	
SRR6113563	SRP119064								MUS_MUSCULUS	NextSeq 500 (NextSeq500)	True	387	Tximport	v1.26.0-hotfix		male		SRA	cortex	cortex, wt, 4m		RD_35-30770171	
SRR6113564	SRP119064								MUS_MUSCULUS	NextSeq 500 (NextSeq500)	True	387	Tximport	v1.26.0-hotfix		male		SRA	cortex	cortex, wt, 4m		RD_35-30770171	
SRR6113565	SRP119064								MUS_MUSCULUS	NextSeq 500 (NextSeq500)	True	387	Tximport	v1.26.0-hotfix		male		SRA	cortex	cortex, wt, 4m		RD_35-31009050	
SRR6113566	SRP119064								MUS_MUSCULUS	NextSeq 500 (NextSeq500)	True	387	Tximport	v1.26.0-hotfix		male		SRA	cortex	cortex, wt, 4m		RD_35-31009050	
SRR6113567	SRP119064								MUS_MUSCULUS	NextSeq 500 (NextSeq500)	True	387	Tximport	v1.26.0-hotfix		male		SRA	cortex	cortex, wt, 4m		RD_35-31009050	
SRR6113568	SRP119064								MUS_MUSCULUS	NextSeq 500 (NextSeq500)	True	387	Tximport	v1.26.0-hotfix		male		SRA	cortex	cortex, wt, 4m		RD_35-31009050	
SRR6113569	SRP119064								MUS_MUSCULUS	NextSeq 500 (NextSeq500)	True	387	Tximport	v1.26.0-hotfix		male		SRA	cortex	cortex, wt, 4m		RD_36-30767163	
SRR6113570	SRP119064								MUS_MUSCULUS	NextSeq 500 (NextSeq500)	True	387	Tximport	v1.26.0-hotfix		male		SRA	cortex	cortex, wt, 4m		RD_36-30767163	
SRR6113571	SRP119064								MUS_MUSCULUS	NextSeq 500 (NextSeq500)	True	387	Tximport	v1.26.0-hotfix		male		SRA	cortex	cortex, wt, 4m		RD_36-30767163	
SRR6113572	SRP119064								MUS_MUSCULUS	NextSeq 500 (NextSeq500)	True	387	Tximport	v1.26.0-hotfix		male		SRA	cortex	cortex, wt, 4m		RD_36-30767163	
SRR6113573	SRP119064								MUS_MUSCULUS	NextSeq 500 (NextSeq500)	True	387	Tximport	v1.26.0-hotfix		male		SRA	cortex	cortex, wt, 4m		RD_36-30999153	
SRR6113574	SRP119064								MUS_MUSCULUS	NextSeq 500 (NextSeq500)	True	387	Tximport	v1.26.0-hotfix		male		SRA	cortex	cortex, wt, 4m		RD_36-30999153	
SRR6113575	SRP119064								MUS_MUSCULUS	NextSeq 500 (NextSeq500)	True	387	Tximport	v1.26.0-hotfix		male		SRA	cortex	cortex, wt, 4m		RD_36-30999153	
SRR6113576	SRP119064								MUS_MUSCULUS	NextSeq 500 (NextSeq500)	True	387	Tximport	v1.26.0-hotfix		male		SRA	cortex	cortex, wt, 4m		RD_36-30999153	
SRR6113577	SRP119064								MUS_MUSCULUS	NextSeq 500 (NextSeq500)	True	387	Tximport	v1.26.0-hotfix		male		SRA	cortex	cortex, wt, 4m		RD_37-30770172	
SRR6113578	SRP119064								MUS_MUSCULUS	NextSeq 500 (NextSeq500)	True	387	Tximport	v1.26.0-hotfix		male		SRA	cortex	cortex, wt, 4m		RD_37-30770172	
SRR6113579	SRP119064								MUS_MUSCULUS	NextSeq 500 (NextSeq500)	True	387	Tximport	v1.26.0-hotfix		male		SRA	cortex	cortex, wt, 4m		RD_37-30770172	
SRR6113580	SRP119064								MUS_MUSCULUS	NextSeq 500 (NextSeq500)	True	387	Tximport	v1.26.0-hotfix		male		SRA	cortex	cortex, wt, 4m		RD_37-30770172	
SRR6113581	SRP119064								MUS_MUSCULUS	NextSeq 500 (NextSeq500)	True	387	Tximport	v1.26.0-hotfix		male		SRA	cortex	cortex, wt, 4m		RD_37-31000153	
SRR6113582	SRP119064								MUS_MUSCULUS	NextSeq 500 (NextSeq500)	True	387	Tximport	v1.26.0-hotfix		male		SRA	cortex	cortex, wt, 4m		RD_37-31000153	
SRR6113583	SRP119064								MUS_MUSCULUS	NextSeq 500 (NextSeq500)	True	387	Tximport	v1.26.0-hotfix		male		SRA	cortex	cortex, wt, 4m		RD_37-31000153	
SRR6113584	SRP119064								MUS_MUSCULUS	NextSeq 500 (NextSeq500)	True	387	Tximport	v1.26.0-hotfix		male		SRA	cortex	cortex, wt, 4m		RD_37-31000153	
SRR6113585	SRP119064								MUS_MUSCULUS	NextSeq 500 (NextSeq500)	True	387	Tximport	v1.26.0-hotfix		male		SRA	cortex	cortex, wt, 4m		RD_38-30769101	
SRR6113586	SRP119064								MUS_MUSCULUS	NextSeq 500 (NextSeq500)	True	387	Tximport	v1.26.0-hotfix		male		SRA	cortex	cortex, wt, 4m		RD_38-30769101	
SRR6113587	SRP119064								MUS_MUSCULUS	NextSeq 500 (NextSeq500)	True	387	Tximport	v1.26.0-hotfix		male		SRA	cortex	cortex, wt, 4m		RD_38-30769101	
SRR6113588	SRP119064								MUS_MUSCULUS	NextSeq 500 (NextSeq500)	True	387	Tximport	v1.26.0-hotfix		male		SRA	cortex	cortex, wt, 4m		RD_38-30769101	
SRR6113589	SRP119064								MUS_MUSCULUS	NextSeq 500 (NextSeq500)	True	387	Tximport	v1.26.0-hotfix		male		SRA	cortex	cortex, wt, 4m		RD_38-31008059	
SRR6113590	SRP119064								MUS_MUSCULUS	NextSeq 500 (NextSeq500)	True	387	Tximport	v1.26.0-hotfix		male		SRA	cortex	cortex, wt, 4m		RD_38-31008059	
SRR6113591	SRP119064								MUS_MUSCULUS	NextSeq 500 (NextSeq500)	True	387	Tximport	v1.26.0-hotfix		male		SRA	cortex	cortex, wt, 4m		RD_38-31008059	
SRR6113592	SRP119064								MUS_MUSCULUS	NextSeq 500 (NextSeq500)	True	387	Tximport	v1.26.0-hotfix		male		SRA	cortex	cortex, wt, 4m		RD_38-31008059	
SRR6113593	SRP119064								MUS_MUSCULUS	NextSeq 500 (NextSeq500)	True	387	Tximport	v1.26.0-hotfix		male		SRA	cortex	cortex, wt, 4m		RD_39-30782122	
SRR6113594	SRP119064								MUS_MUSCULUS	NextSeq 500 (NextSeq500)	True	387	Tximport	v1.26.0-hotfix		male		SRA	cortex	cortex, wt, 4m		RD_39-30782122	
SRR6113595	SRP119064								MUS_MUSCULUS	NextSeq 500 (NextSeq500)	True	387	Tximport	v1.26.0-hotfix		male		SRA	cortex	cortex, wt, 4m		RD_39-30782122	
SRR6113596	SRP119064								MUS_MUSCULUS	NextSeq 500 (NextSeq500)	True	387	Tximport	v1.26.0-hotfix		male		SRA	cortex	cortex, wt, 4m		RD_39-30782122	
SRR6113597	SRP119064								MUS_MUSCULUS	NextSeq 500 (NextSeq500)	True	387	Tximport	v1.26.0-hotfix		male		SRA	cortex	cortex, wt, 4m		RD_39-31003095	
SRR6113598	SRP119064								MUS_MUSCULUS	NextSeq 500 (NextSeq500)	True	387	Tximport	v1.26.0-hotfix		male		SRA	cortex	cortex, wt, 4m		RD_39-31003095	
SRR6113599	SRP119064								MUS_MUSCULUS	NextSeq 500 (NextSeq500)	True	387	Tximport	v1.26.0-hotfix		male		SRA	cortex	cortex, wt, 4m		RD_39-31003095	
SRR6113600	SRP119064								MUS_MUSCULUS	NextSeq 500 (NextSeq500)	True	387	Tximport	v1.26.0-hotfix		male		SRA	cortex	cortex, wt, 4m		RD_39-31003095	
SRR6113601	SRP119064								MUS_MUSCULUS	NextSeq 500 (NextSeq500)	True	387	Tximport	v1.26.0-hotfix		male		SRA	hippocampus	hippocampus, wt, 4m		RD_4-30749822	
SRR6113602	SRP119064								MUS_MUSCULUS	NextSeq 500 (NextSeq500)	True	387	Tximport	v1.26.0-hotfix		male		SRA	hippocampus	hippocampus, wt, 4m		RD_4-30749822	
SRR6113603	SRP119064								MUS_MUSCULUS	NextSeq 500 (NextSeq500)	True	387	Tximport	v1.26.0-hotfix		male		SRA	hippocampus	hippocampus, wt, 4m		RD_4-30749822	
SRR6113604	SRP119064								MUS_MUSCULUS	NextSeq 500 (NextSeq500)	True	387	Tximport	v1.26.0-hotfix		male		SRA	hippocampus	hippocampus, wt, 4m		RD_4-30749822	
SRR6113605	SRP119064								MUS_MUSCULUS	NextSeq 500 (NextSeq500)	True	387	Tximport	v1.26.0-hotfix		male		SRA	hippocampus	hippocampus, wt, 4m		RD_4-31000000	
SRR6113606	SRP119064								MUS_MUSCULUS	NextSeq 500 (NextSeq500)	True	387	Tximport	v1.26.0-hotfix		male		SRA	hippocampus	hippocampus, wt, 4m		RD_4-31000000	
SRR6113607	SRP119064								MUS_MUSCULUS	NextSeq 500 (NextSeq500)	True	387	Tximport	v1.26.0-hotfix		male		SRA	hippocampus	hippocampus, wt, 4m		RD_4-31000000	
SRR6113608	SRP119064								MUS_MUSCULUS	NextSeq 500 (NextSeq500)	True	387	Tximport	v1.26.0-hotfix		male		SRA	hippocampus	hippocampus, wt, 4m		RD_4-31000000	
SRR6113609	SRP119064								MUS_MUSCULUS	NextSeq 500 (NextSeq500)	True	387	Tximport	v1.26.0-hotfix		male		SRA	cortex	cortex, wt, 4m		RD_40-31006053	
SRR6113610	SRP119064								MUS_MUSCULUS	NextSeq 500 (NextSeq500)	True	387	Tximport	v1.26.0-hotfix		male		SRA	cortex	cortex, wt, 4m		RD_40-31006053	
SRR6113611	SRP119064								MUS_MUSCULUS	NextSeq 500 (NextSeq500)	True	387	Tximport	v1.26.0-hotfix		male		SRA	cortex	cortex, wt, 4m		RD_40-31006053	
SRR6113612	SRP119064								MUS_MUSCULUS	NextSeq 500 (NextSeq500)	True	387	Tximport	v1.26.0-hotfix		male		SRA	cortex	cortex, wt, 4m		RD_40-31006053	
SRR6113613	SRP119064								MUS_MUSCULUS	NextSeq 500 (NextSeq500)	True	387	Tximport	v1.26.0-hotfix		male		SRA	cortex	cortex, wt, 4m		RD_40-30767164	
SRR6113614	SRP119064								MUS_MUSCULUS	NextSeq 500 (NextSeq500)	True	387	Tximport	v1.26.0-hotfix		male		SRA	cortex	cortex, wt, 4m		RD_40-30767164	
SRR6113615	SRP119064								MUS_MUSCULUS	NextSeq 500 (NextSeq500)	True	387	Tximport	v1.26.0-hotfix		male		SRA	cortex	cortex, wt, 4m		RD_40-30767164	
SRR6113616	SRP119064								MUS_MUSCULUS	NextSeq 500 (NextSeq500)	True	387	Tximport	v1.26.0-hotfix		male		SRA	cortex	cortex, wt, 4m		RD_40-30767164	
SRR6113617	SRP119064								MUS_MUSCULUS	NextSeq 500 (NextSeq500)	True	387	Tximport	v1.26.0-hotfix		male		SRA	cortex	cortex, trem2ko, 4m		RD_41-30768115	
SRR6113618	SRP119064								MUS_MUSCULUS	NextSeq 500 (NextSeq500)	True	387	Tximport	v1.26.0-hotfix		male		SRA	cortex	cortex, trem2ko, 4m		RD_41-30768115	
SRR6113619	SRP119064								MUS_MUSCULUS	NextSeq 500 (NextSeq500)	True	387	Tximport	v1.26.0-hotfix		male		SRA	cortex	cortex, trem2ko, 4m		RD_41-30768115	
SRR6113620	SRP119064								MUS_MUSCULUS	NextSeq 500 (NextSeq500)	True	387	Tximport	v1.26.0-hotfix		male		SRA	cortex	cortex, trem2ko, 4m		RD_41-30768115	
SRR6113621	SRP119064								MUS_MUSCULUS	NextSeq 500 (NextSeq500)	True	387	Tximport	v1.26.0-hotfix		male		SRA	cortex	cortex, trem2ko, 4m		RD_41-31009051	
SRR6113622	SRP119064								MUS_MUSCULUS	NextSeq 500 (NextSeq500)	True	387	Tximport	v1.26.0-hotfix		male		SRA	cortex	cortex, trem2ko, 4m		RD_41-31009051	
SRR6113624	SRP119064								MUS_MUSCULUS	NextSeq 500 (NextSeq500)	True	387	Tximport	v1.26.0-hotfix		male		SRA	cortex	cortex, trem2ko, 4m		RD_41-31009051	
SRR6113625	SRP119064								MUS_MUSCULUS	NextSeq 500 (NextSeq500)	True	387	Tximport	v1.26.0-hotfix		male		SRA	cortex	cortex, trem2ko, 4m		RD_41-31009051	
SRR6113626	SRP119064								MUS_MUSCULUS	NextSeq 500 (NextSeq500)	True	387	Tximport	v1.26.0-hotfix		male		SRA	cortex	cortex, trem2ko, 4m		RD_42-30782123	
SRR6113627	SRP119064								MUS_MUSCULUS	NextSeq 500 (NextSeq500)	True	387	Tximport	v1.26.0-hotfix		male		SRA	cortex	cortex, trem2ko, 4m		RD_42-30782123	
SRR6113628	SRP119064								MUS_MUSCULUS	NextSeq 500 (NextSeq500)	True	387	Tximport	v1.26.0-hotfix		male		SRA	cortex	cortex, trem2ko, 4m		RD_42-30782123	
SRR6113629	SRP119064								MUS_MUSCULUS	NextSeq 500 (NextSeq500)	True	387	Tximport	v1.26.0-hotfix		male		SRA	cortex	cortex, trem2ko, 4m		RD_42-30782123	
SRR6113630	SRP119064								MUS_MUSCULUS	NextSeq 500 (NextSeq500)	True	387	Tximport	v1.26.0-hotfix		male		SRA	cortex	cortex, trem2ko, 4m		RD_42-30998145	
SRR6113631	SRP119064								MUS_MUSCULUS	NextSeq 500 (NextSeq500)	True	387	Tximport	v1.26.0-hotfix		male		SRA	cortex	cortex, trem2ko, 4m		RD_42-30998145	
SRR6113632	SRP119064								MUS_MUSCULUS	NextSeq 500 (NextSeq500)	True	387	Tximport	v1.26.0-hotfix		male		SRA	cortex	cortex, trem2ko, 4m		RD_42-30998145	
SRR6113633	SRP119064								MUS_MUSCULUS	NextSeq 500 (NextSeq500)	True	387	Tximport	v1.26.0-hotfix		male		SRA	cortex	cortex, trem2ko, 4m		RD_42-30998145	
SRR6113634	SRP119064								MUS_MUSCULUS	NextSeq 500 (NextSeq500)	True	387	Tximport	v1.26.0-hotfix		male		SRA	cortex	cortex, trem2ko, 4m		RD_43-30778132	
SRR6113635	SRP119064								MUS_MUSCULUS	NextSeq 500 (NextSeq500)	True	387	Tximport	v1.26.0-hotfix		male		SRA	cortex	cortex, trem2ko, 4m		RD_43-30778132	
SRR6113636	SRP119064								MUS_MUSCULUS	NextSeq 500 (NextSeq500)	True	387	Tximport	v1.26.0-hotfix		male		SRA	cortex	cortex, trem2ko, 4m		RD_43-30778132	
SRR6113637	SRP119064								MUS_MUSCULUS	NextSeq 500 (NextSeq500)	True	387	Tximport	v1.26.0-hotfix		male		SRA	cortex	cortex, trem2ko, 4m		RD_43-30778132	
SRR6113638	SRP119064								MUS_MUSCULUS	NextSeq 500 (NextSeq500)	True	387	Tximport	v1.26.0-hotfix		male		SRA	cortex	cortex, trem2ko, 4m		RD_43-30999154	
SRR6113639	SRP119064								MUS_MUSCULUS	NextSeq 500 (NextSeq500)	True	387	Tximport	v1.26.0-hotfix		male		SRA	cortex	cortex, trem2ko, 4m		RD_43-30999154	
SRR6113640	SRP119064								MUS_MUSCULUS	NextSeq 500 (NextSeq500)	True	387	Tximport	v1.26.0-hotfix		male		SRA	cortex	cortex, trem2ko, 4m		RD_43-30999154	
SRR6113641	SRP119064								MUS_MUSCULUS	NextSeq 500 (NextSeq500)	True	387	Tximport	v1.26.0-hotfix		male		SRA	cortex	cortex, trem2ko, 4m		RD_43-30999154	
SRR6113642	SRP119064								MUS_MUSCULUS	NextSeq 500 (NextSeq500)	True	387	Tximport	v1.26.0-hotfix		male		SRA	cortex	cortex, trem2ko, 4m		RD_44-30782124	
SRR6113643	SRP119064								MUS_MUSCULUS	NextSeq 500 (NextSeq500)	True	387	Tximport	v1.26.0-hotfix		male		SRA	cortex	cortex, trem2ko, 4m		RD_44-30782124	
SRR6113644	SRP119064								MUS_MUSCULUS	NextSeq 500 (NextSeq500)	True	387	Tximport	v1.26.0-hotfix		male		SRA	cortex	cortex, trem2ko, 4m		RD_44-30782124	
SRR6113645	SRP119064								MUS_MUSCULUS	NextSeq 500 (NextSeq500)	True	387	Tximport	v1.26.0-hotfix		male		SRA	cortex	cortex, trem2ko, 4m		RD_44-30782124	
SRR6113646	SRP119064								MUS_MUSCULUS	NextSeq 500 (NextSeq500)	True	387	Tximport	v1.26.0-hotfix		male		SRA	cortex	cortex, trem2ko, 4m		RD_44-31008060	
SRR6113647	SRP119064								MUS_MUSCULUS	NextSeq 500 (NextSeq500)	True	387	Tximport	v1.26.0-hotfix		male		SRA	cortex	cortex, trem2ko, 4m		RD_44-31008060	
SRR6113648	SRP119064								MUS_MUSCULUS	NextSeq 500 (NextSeq500)	True	387	Tximport	v1.26.0-hotfix		male		SRA	cortex	cortex, trem2ko, 4m		RD_44-31008060	
SRR6113649	SRP119064								MUS_MUSCULUS	NextSeq 500 (NextSeq500)	True	387	Tximport	v1.26.0-hotfix		male		SRA	cortex	cortex, trem2ko, 4m		RD_44-31008060	
SRR6113650	SRP119064								MUS_MUSCULUS	NextSeq 500 (NextSeq500)	True	387	Tximport	v1.26.0-hotfix		male		SRA	cortex	cortex, trem2ko, 4m		RD_45-30767165	
SRR6113651	SRP119064								MUS_MUSCULUS	NextSeq 500 (NextSeq500)	True	387	Tximport	v1.26.0-hotfix		male		SRA	cortex	cortex, trem2ko, 4m		RD_45-30767165	
SRR6113652	SRP119064								MUS_MUSCULUS	NextSeq 500 (NextSeq500)	True	387	Tximport	v1.26.0-hotfix		male		SRA	cortex	cortex, trem2ko, 4m		RD_45-30767165	
SRR6113653	SRP119064								MUS_MUSCULUS	NextSeq 500 (NextSeq500)	True	387	Tximport	v1.26.0-hotfix		male		SRA	cortex	cortex, trem2ko, 4m		RD_45-30767165	
SRR6113654	SRP119064								MUS_MUSCULUS	NextSeq 500 (NextSeq500)	True	387	Tximport	v1.26.0-hotfix		male		SRA	cortex	cortex, trem2ko, 4m		RD_45-30998146	
SRR6113655	SRP119064								MUS_MUSCULUS	NextSeq 500 (NextSeq500)	True	387	Tximport	v1.26.0-hotfix		male		SRA	cortex	cortex, trem2ko, 4m		RD_45-30998146	
SRR6113656	SRP119064								MUS_MUSCULUS	NextSeq 500 (NextSeq500)	True	387	Tximport	v1.26.0-hotfix		male		SRA	cortex	cortex, trem2ko, 4m		RD_45-30998146	
SRR6113657	SRP119064								MUS_MUSCULUS	NextSeq 500 (NextSeq500)	True	387	Tximport	v1.26.0-hotfix		male		SRA	cortex	cortex, trem2ko, 4m		RD_45-30998146	
SRR6113658	SRP119064								MUS_MUSCULUS	NextSeq 500 (NextSeq500)	True	387	Tximport	v1.26.0-hotfix		male		SRA	cortex	cortex, trem2ko, 4m		RD_46-30782125	
SRR6113659	SRP119064								MUS_MUSCULUS	NextSeq 500 (NextSeq500)	True	387	Tximport	v1.26.0-hotfix		male		SRA	cortex	cortex, trem2ko, 4m		RD_46-30782125	
SRR6113660	SRP119064								MUS_MUSCULUS	NextSeq 500 (NextSeq500)	True	387	Tximport	v1.26.0-hotfix		male		SRA	cortex	cortex, trem2ko, 4m		RD_46-30782125	
SRR6113661	SRP119064								MUS_MUSCULUS	NextSeq 500 (NextSeq500)	True	387	Tximport	v1.26.0-hotfix		male		SRA	cortex	cortex, trem2ko, 4m		RD_46-30782125	
SRR6113662	SRP119064								MUS_MUSCULUS	NextSeq 500 (NextSeq500)	True	387	Tximport	v1.26.0-hotfix		male		SRA	cortex	cortex, trem2ko, 4m		RD_46-31015048	
SRR6113663	SRP119064								MUS_MUSCULUS	NextSeq 500 (NextSeq500)	True	387	Tximport	v1.26.0-hotfix		male		SRA	cortex	cortex, trem2ko, 4m		RD_46-31015048	
SRR6113664	SRP119064								MUS_MUSCULUS	NextSeq 500 (NextSeq500)	True	387	Tximport	v1.26.0-hotfix		male		SRA	cortex	cortex, trem2ko, 4m		RD_46-31015048	
SRR6113665	SRP119064								MUS_MUSCULUS	NextSeq 500 (NextSeq500)	True	387	Tximport	v1.26.0-hotfix		male		SRA	cortex	cortex, trem2ko, 4m		RD_46-31015048	
SRR6113666	SRP119064								MUS_MUSCULUS	NextSeq 500 (NextSeq500)	True	387	Tximport	v1.26.0-hotfix		male		SRA	cortex	cortex, trem2ko, 4m		RD_47-30767166	
SRR6113667	SRP119064								MUS_MUSCULUS	NextSeq 500 (NextSeq500)	True	387	Tximport	v1.26.0-hotfix		male		SRA	cortex	cortex, trem2ko, 4m		RD_47-30767166	
SRR6113668	SRP119064								MUS_MUSCULUS	NextSeq 500 (NextSeq500)	True	387	Tximport	v1.26.0-hotfix		male		SRA	cortex	cortex, trem2ko, 4m		RD_47-30767166	
SRR6113669	SRP119064								MUS_MUSCULUS	NextSeq 500 (NextSeq500)	True	387	Tximport	v1.26.0-hotfix		male		SRA	cortex	cortex, trem2ko, 4m		RD_47-30767166	
SRR6113670	SRP119064								MUS_MUSCULUS	NextSeq 500 (NextSeq500)	True	387	Tximport	v1.26.0-hotfix		male		SRA	cortex	cortex, trem2ko, 4m		RD_47-31015049	
SRR6113671	SRP119064								MUS_MUSCULUS	NextSeq 500 (NextSeq500)	True	387	Tximport	v1.26.0-hotfix		male		SRA	cortex	cortex, trem2ko, 4m		RD_47-31015049	
SRR6113672	SRP119064								MUS_MUSCULUS	NextSeq 500 (NextSeq500)	True	387	Tximport	v1.26.0-hotfix		male		SRA	cortex	cortex, trem2ko, 4m		RD_47-31015049	
SRR6113673	SRP119064								MUS_MUSCULUS	NextSeq 500 (NextSeq500)	True	387	Tximport	v1.26.0-hotfix		male		SRA	cortex	cortex, trem2ko, 4m		RD_47-31015049	
SRR6113674	SRP119064								MUS_MUSCULUS	NextSeq 500 (NextSeq500)	True	387	Tximport	v1.26.0-hotfix		male		SRA	cortex	cortex, trem2ko, 4m		RD_48-30780091	
SRR6113675	SRP119064								MUS_MUSCULUS	NextSeq 500 (NextSeq500)	True	387	Tximport	v1.26.0-hotfix		male		SRA	cortex	cortex, trem2ko, 4m		RD_48-30780091	
SRR6113677	SRP119064								MUS_MUSCULUS	NextSeq 500 (NextSeq500)	True	387	Tximport	v1.26.0-hotfix		male		SRA	cortex	cortex, trem2ko, 4m		RD_48-30780091	
SRR6113678	SRP119064								MUS_MUSCULUS	NextSeq 500 (NextSeq500)	True	387	Tximport	v1.26.0-hotfix		male		SRA	cortex	cortex, trem2ko, 4m		RD_48-31014061	
SRR6113679	SRP119064								MUS_MUSCULUS	NextSeq 500 (NextSeq500)	True	387	Tximport	v1.26.0-hotfix		male		SRA	cortex	cortex, trem2ko, 4m		RD_48-31014061	
SRR6113680	SRP119064								MUS_MUSCULUS	NextSeq 500 (NextSeq500)	True	387	Tximport	v1.26.0-hotfix		male		SRA	cortex	cortex, trem2ko, 4m		RD_48-31014061	
SRR6113681	SRP119064								MUS_MUSCULUS	NextSeq 500 (NextSeq500)	True	387	Tximport	v1.26.0-hotfix		male		SRA	cortex	cortex, trem2ko, 4m		RD_48-31014061	
SRR6113682	SRP119064								MUS_MUSCULUS	NextSeq 500 (NextSeq500)	True	387	Tximport	v1.26.0-hotfix		male		SRA	hippocampus	hippocampus, wt, 4m		RD_5-30754836	
SRR6113683	SRP119064								MUS_MUSCULUS	NextSeq 500 (NextSeq500)	True	387	Tximport	v1.26.0-hotfix		male		SRA	hippocampus	hippocampus, wt, 4m		RD_5-30754836	
SRR6113684	SRP119064								MUS_MUSCULUS	NextSeq 500 (NextSeq500)	True	387	Tximport	v1.26.0-hotfix		male		SRA	hippocampus	hippocampus, wt, 4m		RD_5-30754836	
SRR6113685	SRP119064								MUS_MUSCULUS	NextSeq 500 (NextSeq500)	True	387	Tximport	v1.26.0-hotfix		male		SRA	hippocampus	hippocampus, wt, 4m		RD_5-30754836	
SRR6113687	SRP119064								MUS_MUSCULUS	NextSeq 500 (NextSeq500)	True	387	Tximport	v1.26.0-hotfix		male		SRA	hippocampus	hippocampus, wt, 4m		RD_5-30981049	
SRR6113688	SRP119064								MUS_MUSCULUS	NextSeq 500 (NextSeq500)	True	387	Tximport	v1.26.0-hotfix		male		SRA	hippocampus	hippocampus, wt, 4m		RD_5-30981049	
SRR6113689	SRP119064								MUS_MUSCULUS	NextSeq 500 (NextSeq500)	True	387	Tximport	v1.26.0-hotfix		male		SRA	hippocampus	hippocampus, wt, 4m		RD_5-30981049	
SRR6113690	SRP119064								MUS_MUSCULUS	NextSeq 500 (NextSeq500)	True	387	Tximport	v1.26.0-hotfix		male		SRA	hippocampus	hippocampus, wt, 4m		RD_6-30770754	
SRR6113691	SRP119064								MUS_MUSCULUS	NextSeq 500 (NextSeq500)	True	387	Tximport	v1.26.0-hotfix		male		SRA	hippocampus	hippocampus, wt, 4m		RD_6-30770754	
SRR6113692	SRP119064								MUS_MUSCULUS	NextSeq 500 (NextSeq500)	True	387	Tximport	v1.26.0-hotfix		male		SRA	hippocampus	hippocampus, wt, 4m		RD_6-30770754	
SRR6113693	SRP119064								MUS_MUSCULUS	NextSeq 500 (NextSeq500)	True	387	Tximport	v1.26.0-hotfix		male		SRA	hippocampus	hippocampus, wt, 4m		RD_6-30770754	
SRR6113694	SRP119064								MUS_MUSCULUS	NextSeq 500 (NextSeq500)	True	387	Tximport	v1.26.0-hotfix		male		SRA	hippocampus	hippocampus, wt, 4m		RD_6-30974038	
SRR6113695	SRP119064								MUS_MUSCULUS	NextSeq 500 (NextSeq500)	True	387	Tximport	v1.26.0-hotfix		male		SRA	hippocampus	hippocampus, wt, 4m		RD_6-30974038	
SRR6113696	SRP119064								MUS_MUSCULUS	NextSeq 500 (NextSeq500)	True	387	Tximport	v1.26.0-hotfix		male		SRA	hippocampus	hippocampus, wt, 4m		RD_6-30974038	
SRR6113697	SRP119064								MUS_MUSCULUS	NextSeq 500 (NextSeq500)	True	387	Tximport	v1.26.0-hotfix		male		SRA	hippocampus	hippocampus, wt, 4m		RD_6-30974038	
SRR6113699	SRP119064								MUS_MUSCULUS	NextSeq 500 (NextSeq500)	True	387	Tximport	v1.26.0-hotfix		male		SRA	hippocampus	hippocampus, wt, 8m		RD_65-30864911	
SRR6113701	SRP119064								MUS_MUSCULUS	NextSeq 500 (NextSeq500)	True	387	Tximport	v1.26.0-hotfix		male		SRA	hippocampus	hippocampus, wt, 8m		RD_65-30864911	
SRR6113703	SRP119064								MUS_MUSCULUS	NextSeq 500 (NextSeq500)	True	387	Tximport	v1.26.0-hotfix		male		SRA	hippocampus	hippocampus, wt, 8m		RD_65-31444431	
SRR6113704	SRP119064								MUS_MUSCULUS	NextSeq 500 (NextSeq500)	True	387	Tximport	v1.26.0-hotfix		male		SRA	hippocampus	hippocampus, wt, 8m		RD_65-31444431	
SRR6113705	SRP119064								MUS_MUSCULUS	NextSeq 500 (NextSeq500)	True	387	Tximport	v1.26.0-hotfix		male		SRA	hippocampus	hippocampus, wt, 8m		RD_65-31444431	
SRR6113708	SRP119064								MUS_MUSCULUS	NextSeq 500 (NextSeq500)	True	387	Tximport	v1.26.0-hotfix		male		SRA	hippocampus	hippocampus, wt, 8m		RD_66-30865921	
SRR6113709	SRP119064								MUS_MUSCULUS	NextSeq 500 (NextSeq500)	True	387	Tximport	v1.26.0-hotfix		male		SRA	hippocampus	hippocampus, wt, 8m		RD_66-30865921	
SRR6113710	SRP119064								MUS_MUSCULUS	NextSeq 500 (NextSeq500)	True	387	Tximport	v1.26.0-hotfix		male		SRA	hippocampus	hippocampus, wt, 8m		RD_66-31438471	
SRR6113711	SRP119064								MUS_MUSCULUS	NextSeq 500 (NextSeq500)	True	387	Tximport	v1.26.0-hotfix		male		SRA	hippocampus	hippocampus, wt, 8m		RD_66-31438471	
SRR6113712	SRP119064								MUS_MUSCULUS	NextSeq 500 (NextSeq500)	True	387	Tximport	v1.26.0-hotfix		male		SRA	hippocampus	hippocampus, wt, 8m		RD_66-31438471	
SRR6113714	SRP119064								MUS_MUSCULUS	NextSeq 500 (NextSeq500)	True	387	Tximport	v1.26.0-hotfix		male		SRA	hippocampus	hippocampus, wt, 8m		RD_67-30866930	
SRR6113715	SRP119064								MUS_MUSCULUS	NextSeq 500 (NextSeq500)	True	387	Tximport	v1.26.0-hotfix		male		SRA	hippocampus	hippocampus, wt, 8m		RD_67-30866930	
SRR6113716	SRP119064								MUS_MUSCULUS	NextSeq 500 (NextSeq500)	True	387	Tximport	v1.26.0-hotfix		male		SRA	hippocampus	hippocampus, wt, 8m		RD_67-30866930	
SRR6113717	SRP119064								MUS_MUSCULUS	NextSeq 500 (NextSeq500)	True	387	Tximport	v1.26.0-hotfix		male		SRA	hippocampus	hippocampus, wt, 8m		RD_67-30866930	
SRR6113718	SRP119064								MUS_MUSCULUS	NextSeq 500 (NextSeq500)	True	387	Tximport	v1.26.0-hotfix		male		SRA	hippocampus	hippocampus, wt, 8m		RD_67-31401458	
SRR6113719	SRP119064								MUS_MUSCULUS	NextSeq 500 (NextSeq500)	True	387	Tximport	v1.26.0-hotfix		male		SRA	hippocampus	hippocampus, wt, 8m		RD_67-31401458	
SRR6113720	SRP119064								MUS_MUSCULUS	NextSeq 500 (NextSeq500)	True	387	Tximport	v1.26.0-hotfix		male		SRA	hippocampus	hippocampus, wt, 8m		RD_67-31401458	
SRR6113721	SRP119064								MUS_MUSCULUS	NextSeq 500 (NextSeq500)	True	387	Tximport	v1.26.0-hotfix		male		SRA	hippocampus	hippocampus, wt, 8m		RD_67-31401458	
SRR6113722	SRP119064								MUS_MUSCULUS	NextSeq 500 (NextSeq500)	True	387	Tximport	v1.26.0-hotfix		male		SRA	hippocampus	hippocampus, wt, 8m		RD_68-30865920	
SRR6113723	SRP119064								MUS_MUSCULUS	NextSeq 500 (NextSeq500)	True	387	Tximport	v1.26.0-hotfix		male		SRA	hippocampus	hippocampus, wt, 8m		RD_68-30865920	
SRR6113724	SRP119064								MUS_MUSCULUS	NextSeq 500 (NextSeq500)	True	387	Tximport	v1.26.0-hotfix		male		SRA	hippocampus	hippocampus, wt, 8m		RD_68-30865920	
SRR6113725	SRP119064								MUS_MUSCULUS	NextSeq 500 (NextSeq500)	True	387	Tximport	v1.26.0-hotfix		male		SRA	hippocampus	hippocampus, wt, 8m		RD_68-30865920	
SRR6113726	SRP119064								MUS_MUSCULUS	NextSeq 500 (NextSeq500)	True	387	Tximport	v1.26.0-hotfix		male		SRA	hippocampus	hippocampus, wt, 8m		RD_68-31434445	
SRR6113727	SRP119064								MUS_MUSCULUS	NextSeq 500 (NextSeq500)	True	387	Tximport	v1.26.0-hotfix		male		SRA	hippocampus	hippocampus, wt, 8m		RD_68-31434445	
SRR6113728	SRP119064								MUS_MUSCULUS	NextSeq 500 (NextSeq500)	True	387	Tximport	v1.26.0-hotfix		male		SRA	hippocampus	hippocampus, wt, 8m		RD_68-31434445	
SRR6113729	SRP119064								MUS_MUSCULUS	NextSeq 500 (NextSeq500)	True	387	Tximport	v1.26.0-hotfix		male		SRA	hippocampus	hippocampus, wt, 8m		RD_68-31434445	
SRR6113730	SRP119064								MUS_MUSCULUS	NextSeq 500 (NextSeq500)	True	387	Tximport	v1.26.0-hotfix		male		SRA	hippocampus	hippocampus, wt, 8m		RD_69-30874903	
SRR6113731	SRP119064								MUS_MUSCULUS	NextSeq 500 (NextSeq500)	True	387	Tximport	v1.26.0-hotfix		male		SRA	hippocampus	hippocampus, wt, 8m		RD_69-30874903	
SRR6113732	SRP119064								MUS_MUSCULUS	NextSeq 500 (NextSeq500)	True	387	Tximport	v1.26.0-hotfix		male		SRA	hippocampus	hippocampus, wt, 8m		RD_69-30874903	
SRR6113733	SRP119064								MUS_MUSCULUS	NextSeq 500 (NextSeq500)	True	387	Tximport	v1.26.0-hotfix		male		SRA	hippocampus	hippocampus, wt, 8m		RD_69-30874903	
SRR6113734	SRP119064								MUS_MUSCULUS	NextSeq 500 (NextSeq500)	True	387	Tximport	v1.26.0-hotfix		male		SRA	hippocampus	hippocampus, wt, 8m		RD_69-31416486	
SRR6113735	SRP119064								MUS_MUSCULUS	NextSeq 500 (NextSeq500)	True	387	Tximport	v1.26.0-hotfix		male		SRA	hippocampus	hippocampus, wt, 8m		RD_69-31416486	
SRR6113736	SRP119064								MUS_MUSCULUS	NextSeq 500 (NextSeq500)	True	387	Tximport	v1.26.0-hotfix		male		SRA	hippocampus	hippocampus, wt, 8m		RD_69-31416486	
SRR6113737	SRP119064								MUS_MUSCULUS	NextSeq 500 (NextSeq500)	True	387	Tximport	v1.26.0-hotfix		male		SRA	hippocampus	hippocampus, wt, 8m		RD_69-31416486	
SRR6113738	SRP119064								MUS_MUSCULUS	NextSeq 500 (NextSeq500)	True	387	Tximport	v1.26.0-hotfix		male		SRA	hippocampus	hippocampus, wt, 4m		RD_7-30766752	
SRR6113739	SRP119064								MUS_MUSCULUS	NextSeq 500 (NextSeq500)	True	387	Tximport	v1.26.0-hotfix		male		SRA	hippocampus	hippocampus, wt, 4m		RD_7-30766752	
SRR6113740	SRP119064								MUS_MUSCULUS	NextSeq 500 (NextSeq500)	True	387	Tximport	v1.26.0-hotfix		male		SRA	hippocampus	hippocampus, wt, 4m		RD_7-30766752	
SRR6113741	SRP119064								MUS_MUSCULUS	NextSeq 500 (NextSeq500)	True	387	Tximport	v1.26.0-hotfix		male		SRA	hippocampus	hippocampus, wt, 4m		RD_7-30766752	
SRR6113742	SRP119064								MUS_MUSCULUS	NextSeq 500 (NextSeq500)	True	387	Tximport	v1.26.0-hotfix		male		SRA	hippocampus	hippocampus, wt, 4m		RD_7-30985046	
SRR6113743	SRP119064								MUS_MUSCULUS	NextSeq 500 (NextSeq500)	True	387	Tximport	v1.26.0-hotfix		male		SRA	hippocampus	hippocampus, wt, 4m		RD_7-30985046	
SRR6113744	SRP119064								MUS_MUSCULUS	NextSeq 500 (NextSeq500)	True	387	Tximport	v1.26.0-hotfix		male		SRA	hippocampus	hippocampus, wt, 4m		RD_7-30985046	
SRR6113745	SRP119064								MUS_MUSCULUS	NextSeq 500 (NextSeq500)	True	387	Tximport	v1.26.0-hotfix		male		SRA	hippocampus	hippocampus, wt, 4m		RD_7-30985046	
SRR6113746	SRP119064								MUS_MUSCULUS	NextSeq 500 (NextSeq500)	True	387	Tximport	v1.26.0-hotfix		male		SRA	hippocampus	hippocampus, wt, 8m		RD_70-30876913	
SRR6113748	SRP119064								MUS_MUSCULUS	NextSeq 500 (NextSeq500)	True	387	Tximport	v1.26.0-hotfix		male		SRA	hippocampus	hippocampus, wt, 8m		RD_70-30876913	
SRR6113749	SRP119064								MUS_MUSCULUS	NextSeq 500 (NextSeq500)	True	387	Tximport	v1.26.0-hotfix		male		SRA	hippocampus	hippocampus, wt, 8m		RD_70-30876913	
SRR6113750	SRP119064								MUS_MUSCULUS	NextSeq 500 (NextSeq500)	True	387	Tximport	v1.26.0-hotfix		male		SRA	hippocampus	hippocampus, wt, 8m		RD_70-31416484	
SRR6113751	SRP119064								MUS_MUSCULUS	NextSeq 500 (NextSeq500)	True	387	Tximport	v1.26.0-hotfix		male		SRA	hippocampus	hippocampus, wt, 8m		RD_70-31416484	
SRR6113752	SRP119064								MUS_MUSCULUS	NextSeq 500 (NextSeq500)	True	387	Tximport	v1.26.0-hotfix		male		SRA	hippocampus	hippocampus, wt, 8m		RD_70-31416484	
SRR6113753	SRP119064								MUS_MUSCULUS	NextSeq 500 (NextSeq500)	True	387	Tximport	v1.26.0-hotfix		male		SRA	hippocampus	hippocampus, wt, 8m		RD_70-31416484	
SRR6113754	SRP119064								MUS_MUSCULUS	NextSeq 500 (NextSeq500)	True	387	Tximport	v1.26.0-hotfix		male		SRA	hippocampus	hippocampus, wt, 8m		RD_71-30867921	
SRR6113755	SRP119064								MUS_MUSCULUS	NextSeq 500 (NextSeq500)	True	387	Tximport	v1.26.0-hotfix		male		SRA	hippocampus	hippocampus, wt, 8m		RD_71-30867921	
SRR6113756	SRP119064								MUS_MUSCULUS	NextSeq 500 (NextSeq500)	True	387	Tximport	v1.26.0-hotfix		male		SRA	hippocampus	hippocampus, wt, 8m		RD_71-30867921	
SRR6113757	SRP119064								MUS_MUSCULUS	NextSeq 500 (NextSeq500)	True	387	Tximport	v1.26.0-hotfix		male		SRA	hippocampus	hippocampus, wt, 8m		RD_71-30867921	
SRR6113758	SRP119064								MUS_MUSCULUS	NextSeq 500 (NextSeq500)	True	387	Tximport	v1.26.0-hotfix		male		SRA	hippocampus	hippocampus, wt, 8m		RD_71-31441453	
SRR6113759	SRP119064								MUS_MUSCULUS	NextSeq 500 (NextSeq500)	True	387	Tximport	v1.26.0-hotfix		male		SRA	hippocampus	hippocampus, wt, 8m		RD_71-31441453	
SRR6113760	SRP119064								MUS_MUSCULUS	NextSeq 500 (NextSeq500)	True	387	Tximport	v1.26.0-hotfix		male		SRA	hippocampus	hippocampus, wt, 8m		RD_71-31441453	
SRR6113761	SRP119064								MUS_MUSCULUS	NextSeq 500 (NextSeq500)	True	387	Tximport	v1.26.0-hotfix		male		SRA	hippocampus	hippocampus, wt, 8m		RD_71-31441453	
SRR6113762	SRP119064								MUS_MUSCULUS	NextSeq 500 (NextSeq500)	True	387	Tximport	v1.26.0-hotfix		male		SRA	hippocampus	hippocampus, wt, 8m		RD_72-30868937	
SRR6113763	SRP119064								MUS_MUSCULUS	NextSeq 500 (NextSeq500)	True	387	Tximport	v1.26.0-hotfix		male		SRA	hippocampus	hippocampus, wt, 8m		RD_72-30868937	
SRR6113764	SRP119064								MUS_MUSCULUS	NextSeq 500 (NextSeq500)	True	387	Tximport	v1.26.0-hotfix		male		SRA	hippocampus	hippocampus, wt, 8m		RD_72-30868937	
SRR6113765	SRP119064								MUS_MUSCULUS	NextSeq 500 (NextSeq500)	True	387	Tximport	v1.26.0-hotfix		male		SRA	hippocampus	hippocampus, wt, 8m		RD_72-30868937	
SRR6113766	SRP119064								MUS_MUSCULUS	NextSeq 500 (NextSeq500)	True	387	Tximport	v1.26.0-hotfix		male		SRA	hippocampus	hippocampus, wt, 8m		RD_72-31416483	
SRR6113767	SRP119064								MUS_MUSCULUS	NextSeq 500 (NextSeq500)	True	387	Tximport	v1.26.0-hotfix		male		SRA	hippocampus	hippocampus, wt, 8m		RD_72-31416483	
SRR6113768	SRP119064								MUS_MUSCULUS	NextSeq 500 (NextSeq500)	True	387	Tximport	v1.26.0-hotfix		male		SRA	hippocampus	hippocampus, wt, 8m		RD_72-31416483	
SRR6113769	SRP119064								MUS_MUSCULUS	NextSeq 500 (NextSeq500)	True	387	Tximport	v1.26.0-hotfix		male		SRA	hippocampus	hippocampus, wt, 8m		RD_72-31416483	
SRR6113770	SRP119064								MUS_MUSCULUS	NextSeq 500 (NextSeq500)	True	387	Tximport	v1.26.0-hotfix		male		SRA	hippocampus	hippocampus, trem2ko, 8m		RD_73-30877899	
SRR6113772	SRP119064								MUS_MUSCULUS	NextSeq 500 (NextSeq500)	True	387	Tximport	v1.26.0-hotfix		male		SRA	hippocampus	hippocampus, trem2ko, 8m		RD_73-30877899	
SRR6113773	SRP119064								MUS_MUSCULUS	NextSeq 500 (NextSeq500)	True	387	Tximport	v1.26.0-hotfix		male		SRA	hippocampus	hippocampus, trem2ko, 8m		RD_73-30877899	
SRR6113774	SRP119064								MUS_MUSCULUS	NextSeq 500 (NextSeq500)	True	387	Tximport	v1.26.0-hotfix		male		SRA	hippocampus	hippocampus, trem2ko, 8m		RD_73-31429488	
SRR6113776	SRP119064								MUS_MUSCULUS	NextSeq 500 (NextSeq500)	True	387	Tximport	v1.26.0-hotfix		male		SRA	hippocampus	hippocampus, trem2ko, 8m		RD_73-31429488	
SRR6113777	SRP119064								MUS_MUSCULUS	NextSeq 500 (NextSeq500)	True	387	Tximport	v1.26.0-hotfix		male		SRA	hippocampus	hippocampus, trem2ko, 8m		RD_73-31429488	
SRR6113778	SRP119064								MUS_MUSCULUS	NextSeq 500 (NextSeq500)	True	387	Tximport	v1.26.0-hotfix		male		SRA	hippocampus	hippocampus, trem2ko, 8m		RD_74-30868936	
SRR6113779	SRP119064								MUS_MUSCULUS	NextSeq 500 (NextSeq500)	True	387	Tximport	v1.26.0-hotfix		male		SRA	hippocampus	hippocampus, trem2ko, 8m		RD_74-30868936	
SRR6113780	SRP119064								MUS_MUSCULUS	NextSeq 500 (NextSeq500)	True	387	Tximport	v1.26.0-hotfix		male		SRA	hippocampus	hippocampus, trem2ko, 8m		RD_74-30868936	
SRR6113782	SRP119064								MUS_MUSCULUS	NextSeq 500 (NextSeq500)	True	387	Tximport	v1.26.0-hotfix		male		SRA	hippocampus	hippocampus, trem2ko, 8m		RD_74-31402461	
SRR6113783	SRP119064								MUS_MUSCULUS	NextSeq 500 (NextSeq500)	True	387	Tximport	v1.26.0-hotfix		male		SRA	hippocampus	hippocampus, trem2ko, 8m		RD_74-31402461	
SRR6113784	SRP119064								MUS_MUSCULUS	NextSeq 500 (NextSeq500)	True	387	Tximport	v1.26.0-hotfix		male		SRA	hippocampus	hippocampus, trem2ko, 8m		RD_74-31402461	
SRR6113785	SRP119064								MUS_MUSCULUS	NextSeq 500 (NextSeq500)	True	387	Tximport	v1.26.0-hotfix		male		SRA	hippocampus	hippocampus, trem2ko, 8m		RD_74-31402461	
SRR6113786	SRP119064								MUS_MUSCULUS	NextSeq 500 (NextSeq500)	True	387	Tximport	v1.26.0-hotfix		male		SRA	hippocampus	hippocampus, trem2ko, 8m		RD_75-30867920	
SRR6113787	SRP119064								MUS_MUSCULUS	NextSeq 500 (NextSeq500)	True	387	Tximport	v1.26.0-hotfix		male		SRA	hippocampus	hippocampus, trem2ko, 8m		RD_75-30867920	
SRR6113788	SRP119064								MUS_MUSCULUS	NextSeq 500 (NextSeq500)	True	387	Tximport	v1.26.0-hotfix		male		SRA	hippocampus	hippocampus, trem2ko, 8m		RD_75-30867920	
SRR6113790	SRP119064								MUS_MUSCULUS	NextSeq 500 (NextSeq500)	True	387	Tximport	v1.26.0-hotfix		male		SRA	hippocampus	hippocampus, trem2ko, 8m		RD_75-31402460	
SRR6113792	SRP119064								MUS_MUSCULUS	NextSeq 500 (NextSeq500)	True	387	Tximport	v1.26.0-hotfix		male		SRA	hippocampus	hippocampus, trem2ko, 8m		RD_75-31402460	
SRR6113793	SRP119064								MUS_MUSCULUS	NextSeq 500 (NextSeq500)	True	387	Tximport	v1.26.0-hotfix		male		SRA	hippocampus	hippocampus, trem2ko, 8m		RD_75-31402460	
SRR6113794	SRP119064								MUS_MUSCULUS	NextSeq 500 (NextSeq500)	True	387	Tximport	v1.26.0-hotfix		male		SRA	hippocampus	hippocampus, trem2ko, 8m		RD_76-30875917	
SRR6113795	SRP119064								MUS_MUSCULUS	NextSeq 500 (NextSeq500)	True	387	Tximport	v1.26.0-hotfix		male		SRA	hippocampus	hippocampus, trem2ko, 8m		RD_76-30875917	
SRR6113796	SRP119064								MUS_MUSCULUS	NextSeq 500 (NextSeq500)	True	387	Tximport	v1.26.0-hotfix		male		SRA	hippocampus	hippocampus, trem2ko, 8m		RD_76-30875917	
SRR6113797	SRP119064								MUS_MUSCULUS	NextSeq 500 (NextSeq500)	True	387	Tximport	v1.26.0-hotfix		male		SRA	hippocampus	hippocampus, trem2ko, 8m		RD_76-30875917	
SRR6113798	SRP119064								MUS_MUSCULUS	NextSeq 500 (NextSeq500)	True	387	Tximport	v1.26.0-hotfix		male		SRA	hippocampus	hippocampus, trem2ko, 8m		RD_76-31438469	
SRR6113799	SRP119064								MUS_MUSCULUS	NextSeq 500 (NextSeq500)	True	387	Tximport	v1.26.0-hotfix		male		SRA	hippocampus	hippocampus, trem2ko, 8m		RD_76-31438469	
SRR6113800	SRP119064								MUS_MUSCULUS	NextSeq 500 (NextSeq500)	True	387	Tximport	v1.26.0-hotfix		male		SRA	hippocampus	hippocampus, trem2ko, 8m		RD_76-31438469	
SRR6113801	SRP119064								MUS_MUSCULUS	NextSeq 500 (NextSeq500)	True	387	Tximport	v1.26.0-hotfix		male		SRA	hippocampus	hippocampus, trem2ko, 8m		RD_76-31438469	
SRR6113803	SRP119064								MUS_MUSCULUS	NextSeq 500 (NextSeq500)	True	387	Tximport	v1.26.0-hotfix		male		SRA	hippocampus	hippocampus, trem2ko, 8m		RD_77-30862906	
SRR6113804	SRP119064								MUS_MUSCULUS	NextSeq 500 (NextSeq500)	True	387	Tximport	v1.26.0-hotfix		male		SRA	hippocampus	hippocampus, trem2ko, 8m		RD_77-30862906	
SRR6113805	SRP119064								MUS_MUSCULUS	NextSeq 500 (NextSeq500)	True	387	Tximport	v1.26.0-hotfix		male		SRA	hippocampus	hippocampus, trem2ko, 8m		RD_77-30862906	
SRR6113806	SRP119064								MUS_MUSCULUS	NextSeq 500 (NextSeq500)	True	387	Tximport	v1.26.0-hotfix		male		SRA	hippocampus	hippocampus, trem2ko, 8m		RD_77-31440458	
SRR6113807	SRP119064								MUS_MUSCULUS	NextSeq 500 (NextSeq500)	True	387	Tximport	v1.26.0-hotfix		male		SRA	hippocampus	hippocampus, trem2ko, 8m		RD_77-31440458	
SRR6113810	SRP119064								MUS_MUSCULUS	NextSeq 500 (NextSeq500)	True	387	Tximport	v1.26.0-hotfix		male		SRA	hippocampus	hippocampus, trem2ko, 8m		RD_78-30877898	
SRR6113811	SRP119064								MUS_MUSCULUS	NextSeq 500 (NextSeq500)	True	387	Tximport	v1.26.0-hotfix		male		SRA	hippocampus	hippocampus, trem2ko, 8m		RD_78-30877898	
SRR6113812	SRP119064								MUS_MUSCULUS	NextSeq 500 (NextSeq500)	True	387	Tximport	v1.26.0-hotfix		male		SRA	hippocampus	hippocampus, trem2ko, 8m		RD_78-30877898	
SRR6113813	SRP119064								MUS_MUSCULUS	NextSeq 500 (NextSeq500)	True	387	Tximport	v1.26.0-hotfix		male		SRA	hippocampus	hippocampus, trem2ko, 8m		RD_78-30877898	
SRR6113815	SRP119064								MUS_MUSCULUS	NextSeq 500 (NextSeq500)	True	387	Tximport	v1.26.0-hotfix		male		SRA	hippocampus	hippocampus, trem2ko, 8m		RD_78-31412455	
SRR6113816	SRP119064								MUS_MUSCULUS	NextSeq 500 (NextSeq500)	True	387	Tximport	v1.26.0-hotfix		male		SRA	hippocampus	hippocampus, trem2ko, 8m		RD_78-31412455	
SRR6113817	SRP119064								MUS_MUSCULUS	NextSeq 500 (NextSeq500)	True	387	Tximport	v1.26.0-hotfix		male		SRA	hippocampus	hippocampus, trem2ko, 8m		RD_78-31412455	
SRR6113818	SRP119064								MUS_MUSCULUS	NextSeq 500 (NextSeq500)	True	387	Tximport	v1.26.0-hotfix		male		SRA	hippocampus	hippocampus, trem2ko, 8m		RD_79-30869901	
SRR6113819	SRP119064								MUS_MUSCULUS	NextSeq 500 (NextSeq500)	True	387	Tximport	v1.26.0-hotfix		male		SRA	hippocampus	hippocampus, trem2ko, 8m		RD_79-30869901	
SRR6113820	SRP119064								MUS_MUSCULUS	NextSeq 500 (NextSeq500)	True	387	Tximport	v1.26.0-hotfix		male		SRA	hippocampus	hippocampus, trem2ko, 8m		RD_79-30869901	
SRR6113822	SRP119064								MUS_MUSCULUS	NextSeq 500 (NextSeq500)	True	387	Tximport	v1.26.0-hotfix		male		SRA	hippocampus	hippocampus, trem2ko, 8m		RD_79-31412454	
SRR6113824	SRP119064								MUS_MUSCULUS	NextSeq 500 (NextSeq500)	True	387	Tximport	v1.26.0-hotfix		male		SRA	hippocampus	hippocampus, trem2ko, 8m		RD_79-31412454	
SRR6113825	SRP119064								MUS_MUSCULUS	NextSeq 500 (NextSeq500)	True	387	Tximport	v1.26.0-hotfix		male		SRA	hippocampus	hippocampus, trem2ko, 8m		RD_79-31412454	
SRR6113826	SRP119064								MUS_MUSCULUS	NextSeq 500 (NextSeq500)	True	387	Tximport	v1.26.0-hotfix		male		SRA	hippocampus	hippocampus, wt, 4m		RD_8-30773754	
SRR6113827	SRP119064								MUS_MUSCULUS	NextSeq 500 (NextSeq500)	True	387	Tximport	v1.26.0-hotfix		male		SRA	hippocampus	hippocampus, wt, 4m		RD_8-30773754	
SRR6113828	SRP119064								MUS_MUSCULUS	NextSeq 500 (NextSeq500)	True	387	Tximport	v1.26.0-hotfix		male		SRA	hippocampus	hippocampus, wt, 4m		RD_8-30773754	
SRR6113829	SRP119064								MUS_MUSCULUS	NextSeq 500 (NextSeq500)	True	387	Tximport	v1.26.0-hotfix		male		SRA	hippocampus	hippocampus, wt, 4m		RD_8-30773754	
SRR6113830	SRP119064								MUS_MUSCULUS	NextSeq 500 (NextSeq500)	True	387	Tximport	v1.26.0-hotfix		male		SRA	hippocampus	hippocampus, wt, 4m		RD_8-30916086	
SRR6113831	SRP119064								MUS_MUSCULUS	NextSeq 500 (NextSeq500)	True	387	Tximport	v1.26.0-hotfix		male		SRA	hippocampus	hippocampus, wt, 4m		RD_8-30916086	
SRR6113832	SRP119064								MUS_MUSCULUS	NextSeq 500 (NextSeq500)	True	387	Tximport	v1.26.0-hotfix		male		SRA	hippocampus	hippocampus, wt, 4m		RD_8-30916086	
SRR6113833	SRP119064								MUS_MUSCULUS	NextSeq 500 (NextSeq500)	True	387	Tximport	v1.26.0-hotfix		male		SRA	hippocampus	hippocampus, wt, 4m		RD_8-30916086	
SRR6113834	SRP119064								MUS_MUSCULUS	NextSeq 500 (NextSeq500)	True	387	Tximport	v1.26.0-hotfix		male		SRA	hippocampus	hippocampus, trem2ko, 8m		RD_80-30874902	
SRR6113835	SRP119064								MUS_MUSCULUS	NextSeq 500 (NextSeq500)	True	387	Tximport	v1.26.0-hotfix		male		SRA	hippocampus	hippocampus, trem2ko, 8m		RD_80-30874902	
SRR6113836	SRP119064								MUS_MUSCULUS	NextSeq 500 (NextSeq500)	True	387	Tximport	v1.26.0-hotfix		male		SRA	hippocampus	hippocampus, trem2ko, 8m		RD_80-30874902	
SRR6113837	SRP119064								MUS_MUSCULUS	NextSeq 500 (NextSeq500)	True	387	Tximport	v1.26.0-hotfix		male		SRA	hippocampus	hippocampus, trem2ko, 8m		RD_80-30874902	
SRR6113838	SRP119064								MUS_MUSCULUS	NextSeq 500 (NextSeq500)	True	387	Tximport	v1.26.0-hotfix		male		SRA	hippocampus	hippocampus, trem2ko, 8m		RD_80-31441450	
SRR6113839	SRP119064								MUS_MUSCULUS	NextSeq 500 (NextSeq500)	True	387	Tximport	v1.26.0-hotfix		male		SRA	hippocampus	hippocampus, trem2ko, 8m		RD_80-31441450	
SRR6113840	SRP119064								MUS_MUSCULUS	NextSeq 500 (NextSeq500)	True	387	Tximport	v1.26.0-hotfix		male		SRA	hippocampus	hippocampus, trem2ko, 8m		RD_80-31441450	
SRR6113841	SRP119064								MUS_MUSCULUS	NextSeq 500 (NextSeq500)	True	387	Tximport	v1.26.0-hotfix		male		SRA	hippocampus	hippocampus, trem2ko, 8m		RD_80-31441450	
SRR6113842	SRP119064								MUS_MUSCULUS	NextSeq 500 (NextSeq500)	True	387	Tximport	v1.26.0-hotfix		male		SRA	hippocampus	hippocampus, trem2ko, 4m		RD_9-30772752	
SRR6113843	SRP119064								MUS_MUSCULUS	NextSeq 500 (NextSeq500)	True	387	Tximport	v1.26.0-hotfix		male		SRA	hippocampus	hippocampus, trem2ko, 4m		RD_9-30772752	
SRR6113844	SRP119064								MUS_MUSCULUS	NextSeq 500 (NextSeq500)	True	387	Tximport	v1.26.0-hotfix		male		SRA	hippocampus	hippocampus, trem2ko, 4m		RD_9-30772752	
SRR6113845	SRP119064								MUS_MUSCULUS	NextSeq 500 (NextSeq500)	True	387	Tximport	v1.26.0-hotfix		male		SRA	hippocampus	hippocampus, trem2ko, 4m		RD_9-30772752	
SRR6113846	SRP119064								MUS_MUSCULUS	NextSeq 500 (NextSeq500)	True	387	Tximport	v1.26.0-hotfix		male		SRA	hippocampus	hippocampus, trem2ko, 4m		RD_9-30976063	
SRR6113847	SRP119064								MUS_MUSCULUS	NextSeq 500 (NextSeq500)	True	387	Tximport	v1.26.0-hotfix		male		SRA	hippocampus	hippocampus, trem2ko, 4m		RD_9-30976063	
SRR6113848	SRP119064								MUS_MUSCULUS	NextSeq 500 (NextSeq500)	True	387	Tximport	v1.26.0-hotfix		male		SRA	hippocampus	hippocampus, trem2ko, 4m		RD_9-30976063	
SRR6113849	SRP119064								MUS_MUSCULUS	NextSeq 500 (NextSeq500)	True	387	Tximport	v1.26.0-hotfix		male		SRA	hippocampus	hippocampus, trem2ko, 4m		RD_9-30976063	
SRR6113850	SRP119064								MUS_MUSCULUS	NextSeq 500 (NextSeq500)	True	387	Tximport	v1.26.0-hotfix		male		SRA	cortex	cortex, wt, 8m		RD_97-30888992	
SRR6113851	SRP119064								MUS_MUSCULUS	NextSeq 500 (NextSeq500)	True	387	Tximport	v1.26.0-hotfix		male		SRA	cortex	cortex, wt, 8m		RD_97-30888992	
SRR6113852	SRP119064								MUS_MUSCULUS	NextSeq 500 (NextSeq500)	True	387	Tximport	v1.26.0-hotfix		male		SRA	cortex	cortex, wt, 8m		RD_97-30888992	
SRR6113853	SRP119064								MUS_MUSCULUS	NextSeq 500 (NextSeq500)	True	387	Tximport	v1.26.0-hotfix		male		SRA	cortex	cortex, wt, 8m		RD_97-30888992	
SRR6113854	SRP119064								MUS_MUSCULUS	NextSeq 500 (NextSeq500)	True	387	Tximport	v1.26.0-hotfix		male		SRA	cortex	cortex, wt, 8m		RD_97-31388425	
SRR6113855	SRP119064								MUS_MUSCULUS	NextSeq 500 (NextSeq500)	True	387	Tximport	v1.26.0-hotfix		male		SRA	cortex	cortex, wt, 8m		RD_97-31388425	
SRR6113856	SRP119064								MUS_MUSCULUS	NextSeq 500 (NextSeq500)	True	387	Tximport	v1.26.0-hotfix		male		SRA	cortex	cortex, wt, 8m		RD_97-31388425	
SRR6113857	SRP119064								MUS_MUSCULUS	NextSeq 500 (NextSeq500)	True	387	Tximport	v1.26.0-hotfix		male		SRA	cortex	cortex, wt, 8m		RD_97-31388425	
SRR6113858	SRP119064								MUS_MUSCULUS	NextSeq 500 (NextSeq500)	True	387	Tximport	v1.26.0-hotfix		male		SRA	cortex	cortex, wt, 8m		RD_98-30893058	
SRR6113859	SRP119064								MUS_MUSCULUS	NextSeq 500 (NextSeq500)	True	387	Tximport	v1.26.0-hotfix		male		SRA	cortex	cortex, wt, 8m		RD_98-30893058	
SRR6113861	SRP119064								MUS_MUSCULUS	NextSeq 500 (NextSeq500)	True	387	Tximport	v1.26.0-hotfix		male		SRA	cortex	cortex, wt, 8m		RD_98-30893058	
SRR6113862	SRP119064								MUS_MUSCULUS	NextSeq 500 (NextSeq500)	True	387	Tximport	v1.26.0-hotfix		male		SRA	cortex	cortex, wt, 8m		RD_98-31389429	
SRR6113863	SRP119064								MUS_MUSCULUS	NextSeq 500 (NextSeq500)	True	387	Tximport	v1.26.0-hotfix		male		SRA	cortex	cortex, wt, 8m		RD_98-31389429	
SRR6113864	SRP119064								MUS_MUSCULUS	NextSeq 500 (NextSeq500)	True	387	Tximport	v1.26.0-hotfix		male		SRA	cortex	cortex, wt, 8m		RD_98-31389429	
SRR6113865	SRP119064								MUS_MUSCULUS	NextSeq 500 (NextSeq500)	True	387	Tximport	v1.26.0-hotfix		male		SRA	cortex	cortex, wt, 8m		RD_98-31389429	
SRR6113866	SRP119064								MUS_MUSCULUS	NextSeq 500 (NextSeq500)	True	387	Tximport	v1.26.0-hotfix		male		SRA	cortex	cortex, wt, 8m		RD_99-30904986	
SRR6113867	SRP119064								MUS_MUSCULUS	NextSeq 500 (NextSeq500)	True	387	Tximport	v1.26.0-hotfix		male		SRA	cortex	cortex, wt, 8m		RD_99-30904986	
SRR6113868	SRP119064								MUS_MUSCULUS	NextSeq 500 (NextSeq500)	True	387	Tximport	v1.26.0-hotfix		male		SRA	cortex	cortex, wt, 8m		RD_99-30904986	
SRR6113869	SRP119064								MUS_MUSCULUS	NextSeq 500 (NextSeq500)	True	387	Tximport	v1.26.0-hotfix		male		SRA	cortex	cortex, wt, 8m		RD_99-30904986	
SRR6113870	SRP119064								MUS_MUSCULUS	NextSeq 500 (NextSeq500)	True	387	Tximport	v1.26.0-hotfix		male		SRA	cortex	cortex, wt, 8m		RD_99-31391415	
SRR6113871	SRP119064								MUS_MUSCULUS	NextSeq 500 (NextSeq500)	True	387	Tximport	v1.26.0-hotfix		male		SRA	cortex	cortex, wt, 8m		RD_99-31391415	
SRR6113872	SRP119064								MUS_MUSCULUS	NextSeq 500 (NextSeq500)	True	387	Tximport	v1.26.0-hotfix		male		SRA	cortex	cortex, wt, 8m		RD_99-31391415	
