comparison,A,B,chi2,dof,p,p_adj_BH
clusters vs genotype,hclust_10000g_k2,genotype,0.020911934518666728,1,0.8850191223785023,0.8947318804621729
clusters vs genotype,hclust_1000g_k2,genotype,0.020911934518666728,1,0.8850191223785023,0.8947318804621729
clusters vs genotype,hclust_100g_k2,genotype,0.020911934518666728,1,0.8850191223785023,0.8947318804621729
clusters vs genotype,hclust_10g_k2,genotype,0.0,1,1.0,1.0
clusters vs genotype,hclust_5000g_k10,genotype,43.11010095447139,9,2.057579529647336e-06,2.201861021055533e-06
clusters vs genotype,hclust_5000g_k2,genotype,0.020911934518666728,1,0.8850191223785023,0.8947318804621729
clusters vs genotype,hclust_5000g_k3,genotype,0.23962984836559648,2,0.8870845994325817,0.8947318804621729
clusters vs genotype,hclust_5000g_k4,genotype,6.135870135239393,3,0.10518374902603239,0.1095534003208824
clusters vs genotype,hclust_5000g_k5,genotype,9.847217142389498,4,0.043081450727762746,0.04513907225505888
clusters vs genotype,hclust_5000g_k6,genotype,18.132396119719935,5,0.0027849713917882084,0.0029355103859389224
clusters vs genotype,hclust_5000g_k7,genotype,22.179787418516206,6,0.0011233018135736244,0.0011875871583263318
clusters vs genotype,hclust_5000g_k8,genotype,28.631124759419095,7,0.00016889490956282534,0.00017964276744409605
clusters vs genotype,hclust_5000g_k9,genotype,33.10077995591106,8,5.9065593571368785e-05,6.301526852142992e-05
clusters vs genotype,kmeans_10000g_k2,genotype,0.020911934518666728,1,0.8850191223785023,0.8947318804621729
clusters vs genotype,kmeans_1000g_k2,genotype,0.020911934518666728,1,0.8850191223785023,0.8947318804621729
clusters vs genotype,kmeans_100g_k2,genotype,0.020911934518666728,1,0.8850191223785023,0.8947318804621729
clusters vs genotype,kmeans_10g_k2,genotype,0.0,1,1.0,1.0
clusters vs genotype,kmeans_5000g_k10,genotype,44.59653869014351,9,1.0954993385996547e-06,1.1759029597812808e-06
clusters vs genotype,kmeans_5000g_k2,genotype,0.020911934518666728,1,0.8850191223785023,0.8947318804621729
clusters vs genotype,kmeans_5000g_k3,genotype,0.23962984836559648,2,0.8870845994325817,0.8947318804621729
clusters vs genotype,kmeans_5000g_k4,genotype,0.26085273213402266,3,0.9672146313015116,0.9727574085582539
clusters vs genotype,kmeans_5000g_k5,genotype,3.6116487970243165,4,0.46110615123665866,0.4788410032072994
clusters vs genotype,kmeans_5000g_k6,genotype,10.223595484743644,5,0.0691420660489296,0.07222876542611395
clusters vs genotype,kmeans_5000g_k7,genotype,19.42051609645456,6,0.003509360725748941,0.0036879808824487373
clusters vs genotype,kmeans_5000g_k8,genotype,63.888477546374844,7,2.514333887794291e-11,2.707150903729436e-11
clusters vs genotype,kmeans_5000g_k9,genotype,29.424000916131938,8,0.0002670973844226251,0.00028323619919136373
clustering vs clustering,hclust_10000g_k2,hclust_1000g_k2,479.0033407568384,1,3.5205860161037074e-106,8.349497916570279e-106
clustering vs clustering,hclust_10000g_k2,hclust_100g_k2,479.0033407568384,1,3.5205860161037074e-106,8.349497916570279e-106
clustering vs clustering,hclust_10000g_k2,hclust_10g_k2,307.29448218784404,1,8.484216586562541e-69,9.514249271193136e-69
clustering vs clustering,hclust_10000g_k2,hclust_5000g_k10,483.0,9,2.5047357262303527e-98,3.173870902190899e-98
clustering vs clustering,hclust_10000g_k2,hclust_5000g_k2,479.0033407568384,1,3.5205860161037074e-106,8.349497916570279e-106
clustering vs clustering,hclust_10000g_k2,hclust_5000g_k3,483.0,2,1.3118452900173753e-105,2.7906527078552234e-105
clustering vs clustering,hclust_10000g_k2,hclust_5000g_k4,483.0,3,2.3051151855597563e-104,4.470140497963947e-104
clustering vs clustering,hclust_10000g_k2,hclust_5000g_k5,482.99999999999994,4,3.1812248282921726e-103,5.668070633150013e-103
clustering vs clustering,hclust_10000g_k2,hclust_5000g_k6,483.0,5,3.726634504088576e-102,6.141073760258814e-102
clustering vs clustering,hclust_10000g_k2,hclust_5000g_k7,483.0,6,3.857300696568689e-101,5.912281853692958e-101
clustering vs clustering,hclust_10000g_k2,hclust_5000g_k8,483.0,7,3.614927863297931e-100,5.178937469459485e-100
clustering vs clustering,hclust_10000g_k2,hclust_5000g_k9,483.0,8,3.1180912078356865e-99,4.193295072606613e-99
clustering vs clustering,hclust_10000g_k2,kmeans_10000g_k2,479.0033407568384,1,3.5205860161037074e-106,8.349497916570279e-106
clustering vs clustering,hclust_10000g_k2,kmeans_1000g_k2,479.0033407568384,1,3.5205860161037074e-106,8.349497916570279e-106
clustering vs clustering,hclust_10000g_k2,kmeans_100g_k2,479.0033407568384,1,3.5205860161037074e-106,8.349497916570279e-106
clustering vs clustering,hclust_10000g_k2,kmeans_10g_k2,307.29448218784404,1,8.484216586562541e-69,9.514249271193136e-69
clustering vs clustering,hclust_10000g_k2,kmeans_5000g_k10,483.0,9,2.5047357262303527e-98,3.173870902190899e-98
clustering vs clustering,hclust_10000g_k2,kmeans_5000g_k2,479.0033407568384,1,3.5205860161037074e-106,8.349497916570279e-106
clustering vs clustering,hclust_10000g_k2,kmeans_5000g_k3,482.99999999999994,2,1.3118452900174126e-105,2.7906527078552234e-105
clustering vs clustering,hclust_10000g_k2,kmeans_5000g_k4,483.0,3,2.3051151855597563e-104,4.470140497963947e-104
clustering vs clustering,hclust_10000g_k2,kmeans_5000g_k5,483.0,4,3.1812248282920824e-103,5.668070633150013e-103
clustering vs clustering,hclust_10000g_k2,kmeans_5000g_k6,483.0,5,3.726634504088576e-102,6.141073760258814e-102
clustering vs clustering,hclust_10000g_k2,kmeans_5000g_k7,482.9999999999999,6,3.857300696568909e-101,5.912281853692958e-101
clustering vs clustering,hclust_10000g_k2,kmeans_5000g_k8,483.0,7,3.614927863297931e-100,5.178937469459485e-100
clustering vs clustering,hclust_10000g_k2,kmeans_5000g_k9,483.00000000000006,8,3.118091207835597e-99,4.193295072606613e-99
clustering vs clustering,hclust_1000g_k2,hclust_100g_k2,479.0033407568384,1,3.5205860161037074e-106,8.349497916570279e-106
clustering vs clustering,hclust_1000g_k2,hclust_10g_k2,307.29448218784404,1,8.484216586562541e-69,9.514249271193136e-69
clustering vs clustering,hclust_1000g_k2,hclust_5000g_k10,483.0,9,2.5047357262303527e-98,3.173870902190899e-98
clustering vs clustering,hclust_1000g_k2,hclust_5000g_k2,479.0033407568384,1,3.5205860161037074e-106,8.349497916570279e-106
clustering vs clustering,hclust_1000g_k2,hclust_5000g_k3,483.0,2,1.3118452900173753e-105,2.7906527078552234e-105
clustering vs clustering,hclust_1000g_k2,hclust_5000g_k4,483.0,3,2.3051151855597563e-104,4.470140497963947e-104
clustering vs clustering,hclust_1000g_k2,hclust_5000g_k5,482.99999999999994,4,3.1812248282921726e-103,5.668070633150013e-103
clustering vs clustering,hclust_1000g_k2,hclust_5000g_k6,483.0,5,3.726634504088576e-102,6.141073760258814e-102
clustering vs clustering,hclust_1000g_k2,hclust_5000g_k7,483.0,6,3.857300696568689e-101,5.912281853692958e-101
clustering vs clustering,hclust_1000g_k2,hclust_5000g_k8,483.0,7,3.614927863297931e-100,5.178937469459485e-100
clustering vs clustering,hclust_1000g_k2,hclust_5000g_k9,483.0,8,3.1180912078356865e-99,4.193295072606613e-99
clustering vs clustering,hclust_1000g_k2,kmeans_10000g_k2,479.0033407568384,1,3.5205860161037074e-106,8.349497916570279e-106
clustering vs clustering,hclust_1000g_k2,kmeans_1000g_k2,479.0033407568384,1,3.5205860161037074e-106,8.349497916570279e-106
clustering vs clustering,hclust_1000g_k2,kmeans_100g_k2,479.0033407568384,1,3.5205860161037074e-106,8.349497916570279e-106
clustering vs clustering,hclust_1000g_k2,kmeans_10g_k2,307.29448218784404,1,8.484216586562541e-69,9.514249271193136e-69
clustering vs clustering,hclust_1000g_k2,kmeans_5000g_k10,483.0,9,2.5047357262303527e-98,3.173870902190899e-98
clustering vs clustering,hclust_1000g_k2,kmeans_5000g_k2,479.0033407568384,1,3.5205860161037074e-106,8.349497916570279e-106
clustering vs clustering,hclust_1000g_k2,kmeans_5000g_k3,482.99999999999994,2,1.3118452900174126e-105,2.7906527078552234e-105
clustering vs clustering,hclust_1000g_k2,kmeans_5000g_k4,483.0,3,2.3051151855597563e-104,4.470140497963947e-104
clustering vs clustering,hclust_1000g_k2,kmeans_5000g_k5,483.0,4,3.1812248282920824e-103,5.668070633150013e-103
clustering vs clustering,hclust_1000g_k2,kmeans_5000g_k6,483.0,5,3.726634504088576e-102,6.141073760258814e-102
clustering vs clustering,hclust_1000g_k2,kmeans_5000g_k7,482.9999999999999,6,3.857300696568909e-101,5.912281853692958e-101
clustering vs clustering,hclust_1000g_k2,kmeans_5000g_k8,483.0,7,3.614927863297931e-100,5.178937469459485e-100
clustering vs clustering,hclust_1000g_k2,kmeans_5000g_k9,483.00000000000006,8,3.118091207835597e-99,4.193295072606613e-99
clustering vs clustering,hclust_100g_k2,hclust_10g_k2,307.29448218784404,1,8.484216586562541e-69,9.514249271193136e-69
clustering vs clustering,hclust_100g_k2,hclust_5000g_k10,483.0,9,2.5047357262303527e-98,3.173870902190899e-98
clustering vs clustering,hclust_100g_k2,hclust_5000g_k2,479.0033407568384,1,3.5205860161037074e-106,8.349497916570279e-106
clustering vs clustering,hclust_100g_k2,hclust_5000g_k3,483.0,2,1.3118452900173753e-105,2.7906527078552234e-105
clustering vs clustering,hclust_100g_k2,hclust_5000g_k4,483.0,3,2.3051151855597563e-104,4.470140497963947e-104
clustering vs clustering,hclust_100g_k2,hclust_5000g_k5,482.99999999999994,4,3.1812248282921726e-103,5.668070633150013e-103
clustering vs clustering,hclust_100g_k2,hclust_5000g_k6,483.0,5,3.726634504088576e-102,6.141073760258814e-102
clustering vs clustering,hclust_100g_k2,hclust_5000g_k7,483.0,6,3.857300696568689e-101,5.912281853692958e-101
clustering vs clustering,hclust_100g_k2,hclust_5000g_k8,483.0,7,3.614927863297931e-100,5.178937469459485e-100
clustering vs clustering,hclust_100g_k2,hclust_5000g_k9,483.0,8,3.1180912078356865e-99,4.193295072606613e-99
clustering vs clustering,hclust_100g_k2,kmeans_10000g_k2,479.0033407568384,1,3.5205860161037074e-106,8.349497916570279e-106
clustering vs clustering,hclust_100g_k2,kmeans_1000g_k2,479.0033407568384,1,3.5205860161037074e-106,8.349497916570279e-106
clustering vs clustering,hclust_100g_k2,kmeans_100g_k2,479.0033407568384,1,3.5205860161037074e-106,8.349497916570279e-106
clustering vs clustering,hclust_100g_k2,kmeans_10g_k2,307.29448218784404,1,8.484216586562541e-69,9.514249271193136e-69
clustering vs clustering,hclust_100g_k2,kmeans_5000g_k10,483.0,9,2.5047357262303527e-98,3.173870902190899e-98
clustering vs clustering,hclust_100g_k2,kmeans_5000g_k2,479.0033407568384,1,3.5205860161037074e-106,8.349497916570279e-106
clustering vs clustering,hclust_100g_k2,kmeans_5000g_k3,482.99999999999994,2,1.3118452900174126e-105,2.7906527078552234e-105
clustering vs clustering,hclust_100g_k2,kmeans_5000g_k4,483.0,3,2.3051151855597563e-104,4.470140497963947e-104
clustering vs clustering,hclust_100g_k2,kmeans_5000g_k5,483.0,4,3.1812248282920824e-103,5.668070633150013e-103
clustering vs clustering,hclust_100g_k2,kmeans_5000g_k6,483.0,5,3.726634504088576e-102,6.141073760258814e-102
clustering vs clustering,hclust_100g_k2,kmeans_5000g_k7,482.9999999999999,6,3.857300696568909e-101,5.912281853692958e-101
clustering vs clustering,hclust_100g_k2,kmeans_5000g_k8,483.0,7,3.614927863297931e-100,5.178937469459485e-100
clustering vs clustering,hclust_100g_k2,kmeans_5000g_k9,483.00000000000006,8,3.118091207835597e-99,4.193295072606613e-99
clustering vs clustering,hclust_10g_k2,hclust_5000g_k10,429.423289945483,9,7.159319164177375e-87,8.635467445451061e-87
clustering vs clustering,hclust_10g_k2,hclust_5000g_k2,307.29448218784404,1,8.484216586562541e-69,9.514249271193136e-69
clustering vs clustering,hclust_10g_k2,hclust_5000g_k3,314.8424743446474,2,4.293637364722608e-69,5.074298703763082e-69
clustering vs clustering,hclust_10g_k2,hclust_5000g_k4,314.8424743446474,3,6.097965621577327e-68,6.752006098339563e-68
clustering vs clustering,hclust_10g_k2,hclust_5000g_k5,314.84247434464737,4,6.802033432886873e-67,7.43773749203518e-67
clustering vs clustering,hclust_10g_k2,hclust_5000g_k6,316.0854614961358,5,3.4798064796708305e-66,3.7814615305401283e-66
clustering vs clustering,hclust_10g_k2,hclust_5000g_k7,429.42328994548313,6,1.3141468757592615e-89,1.653281553374555e-89
clustering vs clustering,hclust_10g_k2,hclust_5000g_k8,429.42328994548313,7,1.1615627677607644e-88,1.4406661889894995e-88
clustering vs clustering,hclust_10g_k2,hclust_5000g_k9,429.42328994548313,8,9.449634160643522e-88,1.1637970492582022e-87
clustering vs clustering,hclust_10g_k2,kmeans_10000g_k2,307.29448218784404,1,8.484216586562541e-69,9.514249271193136e-69
clustering vs clustering,hclust_10g_k2,kmeans_1000g_k2,307.29448218784404,1,8.484216586562541e-69,9.514249271193136e-69
clustering vs clustering,hclust_10g_k2,kmeans_100g_k2,307.29448218784404,1,8.484216586562541e-69,9.514249271193136e-69
clustering vs clustering,hclust_10g_k2,kmeans_10g_k2,478.7415817644579,1,4.013963397808494e-106,9.455712433763634e-106
clustering vs clustering,hclust_10g_k2,kmeans_5000g_k10,429.4232899454831,9,7.15931916417697e-87,8.635467445451061e-87
clustering vs clustering,hclust_10g_k2,kmeans_5000g_k2,307.29448218784404,1,8.484216586562541e-69,9.514249271193136e-69
clustering vs clustering,hclust_10g_k2,kmeans_5000g_k3,314.8424743446474,2,4.293637364722608e-69,5.074298703763082e-69
clustering vs clustering,hclust_10g_k2,kmeans_5000g_k4,314.8424743446474,3,6.097965621577327e-68,6.752006098339563e-68
clustering vs clustering,hclust_10g_k2,kmeans_5000g_k5,314.8424743446475,4,6.802033432886486e-67,7.43773749203518e-67
clustering vs clustering,hclust_10g_k2,kmeans_5000g_k6,404.77647908967845,5,2.771793361250116e-85,3.320476006139218e-85
clustering vs clustering,hclust_10g_k2,kmeans_5000g_k7,316.08546149613585,6,2.9169497824632174e-65,3.150305765060275e-65
clustering vs clustering,hclust_10g_k2,kmeans_5000g_k8,429.4232899454832,7,1.1615627677606983e-88,1.4406661889894995e-88
clustering vs clustering,hclust_10g_k2,kmeans_5000g_k9,425.7651362006512,8,5.736920996574426e-87,7.016234389538758e-87
clustering vs clustering,hclust_5000g_k10,hclust_5000g_k2,482.99999999999994,9,2.5047357262304245e-98,3.173870902190899e-98
clustering vs clustering,hclust_5000g_k10,hclust_5000g_k3,965.9999999999998,18,1.2854640972705765e-193,3.759982484516436e-193
clustering vs clustering,hclust_5000g_k10,hclust_5000g_k4,1449.0,27,7.5603463626982895e-289,4.0207296565259086e-288
clustering vs clustering,hclust_5000g_k10,hclust_5000g_k5,1931.9999999999998,36,0.0,0.0
clustering vs clustering,hclust_5000g_k10,hclust_5000g_k6,2415.0,45,0.0,0.0
clustering vs clustering,hclust_5000g_k10,hclust_5000g_k7,2897.9999999999995,54,0.0,0.0
clustering vs clustering,hclust_5000g_k10,hclust_5000g_k8,3381.0,63,0.0,0.0
clustering vs clustering,hclust_5000g_k10,hclust_5000g_k9,3863.9999999999995,72,0.0,0.0
clustering vs clustering,hclust_5000g_k10,kmeans_10000g_k2,482.99999999999994,9,2.5047357262304245e-98,3.173870902190899e-98
clustering vs clustering,hclust_5000g_k10,kmeans_1000g_k2,482.99999999999994,9,2.5047357262304245e-98,3.173870902190899e-98
clustering vs clustering,hclust_5000g_k10,kmeans_100g_k2,482.99999999999994,9,2.5047357262304245e-98,3.173870902190899e-98
clustering vs clustering,hclust_5000g_k10,kmeans_10g_k2,429.4232899454831,9,7.15931916417697e-87,8.635467445451061e-87
clustering vs clustering,hclust_5000g_k10,kmeans_5000g_k10,3028.919848346493,81,0.0,0.0
clustering vs clustering,hclust_5000g_k10,kmeans_5000g_k2,482.99999999999994,9,2.5047357262304245e-98,3.173870902190899e-98
clustering vs clustering,hclust_5000g_k10,kmeans_5000g_k3,965.9999999999998,18,1.2854640972705765e-193,3.759982484516436e-193
clustering vs clustering,hclust_5000g_k10,kmeans_5000g_k4,1331.8622358034122,27,7.206752304452503e-264,2.941360533561429e-263
clustering vs clustering,hclust_5000g_k10,kmeans_5000g_k5,1537.8595923751488,36,3.773411221161486e-300,2.3236269098731257e-299
clustering vs clustering,hclust_5000g_k10,kmeans_5000g_k6,1896.2133261164151,45,0.0,0.0
clustering vs clustering,hclust_5000g_k10,kmeans_5000g_k7,2466.6780660179866,54,0.0,0.0
clustering vs clustering,hclust_5000g_k10,kmeans_5000g_k8,2240.1802479671733,63,0.0,0.0
clustering vs clustering,hclust_5000g_k10,kmeans_5000g_k9,3309.944844550922,72,0.0,0.0
clustering vs clustering,hclust_5000g_k2,hclust_5000g_k3,483.0,2,1.3118452900173753e-105,2.7906527078552234e-105
clustering vs clustering,hclust_5000g_k2,hclust_5000g_k4,483.0,3,2.3051151855597563e-104,4.470140497963947e-104
clustering vs clustering,hclust_5000g_k2,hclust_5000g_k5,482.99999999999994,4,3.1812248282921726e-103,5.668070633150013e-103
clustering vs clustering,hclust_5000g_k2,hclust_5000g_k6,483.0,5,3.726634504088576e-102,6.141073760258814e-102
clustering vs clustering,hclust_5000g_k2,hclust_5000g_k7,483.0,6,3.857300696568689e-101,5.912281853692958e-101
clustering vs clustering,hclust_5000g_k2,hclust_5000g_k8,483.0,7,3.614927863297931e-100,5.178937469459485e-100
clustering vs clustering,hclust_5000g_k2,hclust_5000g_k9,483.0,8,3.1180912078356865e-99,4.193295072606613e-99
clustering vs clustering,hclust_5000g_k2,kmeans_10000g_k2,479.0033407568384,1,3.5205860161037074e-106,8.349497916570279e-106
clustering vs clustering,hclust_5000g_k2,kmeans_1000g_k2,479.0033407568384,1,3.5205860161037074e-106,8.349497916570279e-106
clustering vs clustering,hclust_5000g_k2,kmeans_100g_k2,479.0033407568384,1,3.5205860161037074e-106,8.349497916570279e-106
clustering vs clustering,hclust_5000g_k2,kmeans_10g_k2,307.29448218784404,1,8.484216586562541e-69,9.514249271193136e-69
clustering vs clustering,hclust_5000g_k2,kmeans_5000g_k10,483.0,9,2.5047357262303527e-98,3.173870902190899e-98
clustering vs clustering,hclust_5000g_k2,kmeans_5000g_k2,479.0033407568384,1,3.5205860161037074e-106,8.349497916570279e-106
clustering vs clustering,hclust_5000g_k2,kmeans_5000g_k3,482.99999999999994,2,1.3118452900174126e-105,2.7906527078552234e-105
clustering vs clustering,hclust_5000g_k2,kmeans_5000g_k4,483.0,3,2.3051151855597563e-104,4.470140497963947e-104
clustering vs clustering,hclust_5000g_k2,kmeans_5000g_k5,483.0,4,3.1812248282920824e-103,5.668070633150013e-103
clustering vs clustering,hclust_5000g_k2,kmeans_5000g_k6,483.0,5,3.726634504088576e-102,6.141073760258814e-102
clustering vs clustering,hclust_5000g_k2,kmeans_5000g_k7,482.9999999999999,6,3.857300696568909e-101,5.912281853692958e-101
clustering vs clustering,hclust_5000g_k2,kmeans_5000g_k8,483.0,7,3.614927863297931e-100,5.178937469459485e-100
clustering vs clustering,hclust_5000g_k2,kmeans_5000g_k9,483.00000000000006,8,3.118091207835597e-99,4.193295072606613e-99
clustering vs clustering,hclust_5000g_k3,hclust_5000g_k4,966.0,6,2.015708941394125e-205,7.3699358169722695e-205
clustering vs clustering,hclust_5000g_k3,hclust_5000g_k5,965.9999999999999,8,3.252038247281384e-203,1.1414654247957657e-202
clustering vs clustering,hclust_5000g_k3,hclust_5000g_k6,965.9999999999999,10,3.935016880597678e-201,1.3280681972017162e-200
clustering vs clustering,hclust_5000g_k3,hclust_5000g_k7,965.9999999999999,12,3.8091617859945834e-199,1.2379775804482395e-198
clustering vs clustering,hclust_5000g_k3,hclust_5000g_k8,965.9999999999999,14,3.072789969696905e-197,9.629904280032264e-197
clustering vs clustering,hclust_5000g_k3,hclust_5000g_k9,965.9999999999998,16,2.1246697624644804e-195,6.4289576433192474e-195
clustering vs clustering,hclust_5000g_k3,kmeans_10000g_k2,483.00000000000006,2,1.3118452900173379e-105,2.7906527078552234e-105
clustering vs clustering,hclust_5000g_k3,kmeans_1000g_k2,483.00000000000006,2,1.3118452900173379e-105,2.7906527078552234e-105
clustering vs clustering,hclust_5000g_k3,kmeans_100g_k2,483.00000000000006,2,1.3118452900173379e-105,2.7906527078552234e-105
clustering vs clustering,hclust_5000g_k3,kmeans_10g_k2,314.8424743446474,2,4.293637364722608e-69,5.074298703763082e-69
clustering vs clustering,hclust_5000g_k3,kmeans_5000g_k10,966.0,18,1.2854640972704305e-193,3.759982484516436e-193
clustering vs clustering,hclust_5000g_k3,kmeans_5000g_k2,483.00000000000006,2,1.3118452900173379e-105,2.7906527078552234e-105
clustering vs clustering,hclust_5000g_k3,kmeans_5000g_k3,966.0,4,8.32934023431289e-208,3.177824372004157e-207
clustering vs clustering,hclust_5000g_k3,kmeans_5000g_k4,966.0,6,2.015708941394125e-205,7.3699358169722695e-205
clustering vs clustering,hclust_5000g_k3,kmeans_5000g_k5,965.9999999999999,8,3.252038247281384e-203,1.1414654247957657e-202
clustering vs clustering,hclust_5000g_k3,kmeans_5000g_k6,966.0,10,3.935016880597454e-201,1.3280681972017162e-200
clustering vs clustering,hclust_5000g_k3,kmeans_5000g_k7,966.0,12,3.8091617859945825e-199,1.2379775804482395e-198
clustering vs clustering,hclust_5000g_k3,kmeans_5000g_k8,966.0,14,3.072789969696731e-197,9.629904280032264e-197
clustering vs clustering,hclust_5000g_k3,kmeans_5000g_k9,965.9999999999999,16,2.1246697624644804e-195,6.4289576433192474e-195
clustering vs clustering,hclust_5000g_k4,hclust_5000g_k5,1448.9999999999998,12,3.781481436029041e-303,2.4579629334188766e-302
clustering vs clustering,hclust_5000g_k4,hclust_5000g_k6,1448.9999999999998,15,4.738851147814455e-300,2.8678219877290927e-299
clustering vs clustering,hclust_5000g_k4,hclust_5000g_k7,1448.9999999999998,18,4.297836625502419e-297,2.514234425918915e-296
clustering vs clustering,hclust_5000g_k4,hclust_5000g_k8,1449.0,21,2.9881352972253037e-294,1.6916701440743253e-293
clustering vs clustering,hclust_5000g_k4,hclust_5000g_k9,1449.0,24,1.6578662327365188e-291,9.23668329667489e-291
clustering vs clustering,hclust_5000g_k4,kmeans_10000g_k2,483.0,3,2.3051151855597563e-104,4.470140497963947e-104
clustering vs clustering,hclust_5000g_k4,kmeans_1000g_k2,483.0,3,2.3051151855597563e-104,4.470140497963947e-104
clustering vs clustering,hclust_5000g_k4,kmeans_100g_k2,483.0,3,2.3051151855597563e-104,4.470140497963947e-104
clustering vs clustering,hclust_5000g_k4,kmeans_10g_k2,314.8424743446474,3,6.097965621577327e-68,6.752006098339563e-68
clustering vs clustering,hclust_5000g_k4,kmeans_5000g_k10,1368.8075768692056,27,9.626666287607319e-272,4.277164388544518e-271
clustering vs clustering,hclust_5000g_k4,kmeans_5000g_k2,483.0,3,2.3051151855597563e-104,4.470140497963947e-104
clustering vs clustering,hclust_5000g_k4,kmeans_5000g_k3,966.0,6,2.015708941394125e-205,7.3699358169722695e-205
clustering vs clustering,hclust_5000g_k4,kmeans_5000g_k4,1297.9326765188835,9,8.649253632614003e-274,3.942711720840929e-273
clustering vs clustering,hclust_5000g_k4,kmeans_5000g_k5,1197.4713313884047,12,6.067845612750423e-249,2.366459788972665e-248
clustering vs clustering,hclust_5000g_k4,kmeans_5000g_k6,1336.1878715814507,15,8.791055217320798e-276,4.060079449052106e-275
clustering vs clustering,hclust_5000g_k4,kmeans_5000g_k7,1247.9315201554155,18,5.976874085706365e-254,2.3571716899808245e-253
clustering vs clustering,hclust_5000g_k4,kmeans_5000g_k8,1324.8288459142568,21,1.1741715359335419e-267,4.96547239894787e-267
clustering vs clustering,hclust_5000g_k4,kmeans_5000g_k9,1391.8050397877985,24,2.800025205004139e-279,1.3463134889814421e-278
clustering vs clustering,hclust_5000g_k5,hclust_5000g_k6,1932.0,20,0.0,0.0
clustering vs clustering,hclust_5000g_k5,hclust_5000g_k7,1932.0000000000002,24,0.0,0.0
clustering vs clustering,hclust_5000g_k5,hclust_5000g_k8,1932.0,28,0.0,0.0
clustering vs clustering,hclust_5000g_k5,hclust_5000g_k9,1931.9999999999998,32,0.0,0.0
clustering vs clustering,hclust_5000g_k5,kmeans_10000g_k2,482.99999999999994,4,3.1812248282921726e-103,5.668070633150013e-103
clustering vs clustering,hclust_5000g_k5,kmeans_1000g_k2,482.99999999999994,4,3.1812248282921726e-103,5.668070633150013e-103
clustering vs clustering,hclust_5000g_k5,kmeans_100g_k2,482.99999999999994,4,3.1812248282921726e-103,5.668070633150013e-103
clustering vs clustering,hclust_5000g_k5,kmeans_10g_k2,314.84247434464737,4,6.802033432886873e-67,7.43773749203518e-67
clustering vs clustering,hclust_5000g_k5,kmeans_5000g_k10,1751.5817322157748,36,0.0,0.0
clustering vs clustering,hclust_5000g_k5,kmeans_5000g_k2,482.99999999999994,4,3.1812248282921726e-103,5.668070633150013e-103
clustering vs clustering,hclust_5000g_k5,kmeans_5000g_k3,965.9999999999999,8,3.252038247281384e-203,1.1414654247957657e-202
clustering vs clustering,hclust_5000g_k5,kmeans_5000g_k4,1299.5842741136858,12,6.122108429891225e-271,2.686075073614775e-270
clustering vs clustering,hclust_5000g_k5,kmeans_5000g_k5,1390.722456593535,16,1.606519721333968e-286,8.292476796885629e-286
clustering vs clustering,hclust_5000g_k5,kmeans_5000g_k6,1491.559160112926,20,2.576562906878281e-304,1.7063652458759935e-303
clustering vs clustering,hclust_5000g_k5,kmeans_5000g_k7,1325.390297339593,24,4.3222295181023527e-265,1.8060744772070545e-264
clustering vs clustering,hclust_5000g_k5,kmeans_5000g_k8,1677.7454233016638,28,0.0,0.0
clustering vs clustering,hclust_5000g_k5,kmeans_5000g_k9,1873.4310897435896,32,0.0,0.0
clustering vs clustering,hclust_5000g_k6,hclust_5000g_k7,2415.0,30,0.0,0.0
clustering vs clustering,hclust_5000g_k6,hclust_5000g_k8,2415.0,35,0.0,0.0
clustering vs clustering,hclust_5000g_k6,hclust_5000g_k9,2415.0,40,0.0,0.0
clustering vs clustering,hclust_5000g_k6,kmeans_10000g_k2,482.9999999999999,5,3.726634504088682e-102,6.141073760258814e-102
clustering vs clustering,hclust_5000g_k6,kmeans_1000g_k2,482.9999999999999,5,3.726634504088682e-102,6.141073760258814e-102
clustering vs clustering,hclust_5000g_k6,kmeans_100g_k2,482.9999999999999,5,3.726634504088682e-102,6.141073760258814e-102
clustering vs clustering,hclust_5000g_k6,kmeans_10g_k2,316.0854614961358,5,3.4798064796708305e-66,3.7814615305401283e-66
clustering vs clustering,hclust_5000g_k6,kmeans_5000g_k10,1981.6497795530527,45,0.0,0.0
clustering vs clustering,hclust_5000g_k6,kmeans_5000g_k2,482.9999999999999,5,3.726634504088682e-102,6.141073760258814e-102
clustering vs clustering,hclust_5000g_k6,kmeans_5000g_k3,965.9999999999999,10,3.935016880597678e-201,1.3280681972017162e-200
clustering vs clustering,hclust_5000g_k6,kmeans_5000g_k4,1299.5842741136858,15,6.518100081253348e-268,2.790064790877958e-267
clustering vs clustering,hclust_5000g_k6,kmeans_5000g_k5,1390.7224565935348,20,1.082022497904756e-282,5.504201402385064e-282
clustering vs clustering,hclust_5000g_k6,kmeans_5000g_k6,1498.2347529086758,25,3.892839122697588e-301,2.439975950119381e-300
clustering vs clustering,hclust_5000g_k6,kmeans_5000g_k7,1808.3902973395927,30,0.0,0.0
clustering vs clustering,hclust_5000g_k6,kmeans_5000g_k8,1682.985068272078,35,0.0,0.0
clustering vs clustering,hclust_5000g_k6,kmeans_5000g_k9,2356.4310897435903,40,0.0,0.0
clustering vs clustering,hclust_5000g_k7,hclust_5000g_k8,2898.0,42,0.0,0.0
clustering vs clustering,hclust_5000g_k7,hclust_5000g_k9,2898.0,48,0.0,0.0
clustering vs clustering,hclust_5000g_k7,kmeans_10000g_k2,482.99999999999994,6,3.8573006965687994e-101,5.912281853692958e-101
clustering vs clustering,hclust_5000g_k7,kmeans_1000g_k2,482.99999999999994,6,3.8573006965687994e-101,5.912281853692958e-101
clustering vs clustering,hclust_5000g_k7,kmeans_100g_k2,482.99999999999994,6,3.8573006965687994e-101,5.912281853692958e-101
clustering vs clustering,hclust_5000g_k7,kmeans_10g_k2,429.42328994548313,6,1.3141468757592615e-89,1.653281553374555e-89
clustering vs clustering,hclust_5000g_k7,kmeans_5000g_k10,2461.8758498628335,54,0.0,0.0
clustering vs clustering,hclust_5000g_k7,kmeans_5000g_k2,482.99999999999994,6,3.8573006965687994e-101,5.912281853692958e-101
clustering vs clustering,hclust_5000g_k7,kmeans_5000g_k3,966.0,12,3.8091617859945825e-199,1.2379775804482395e-198
clustering vs clustering,hclust_5000g_k7,kmeans_5000g_k4,1299.584274113686,18,5.02235299958493e-265,2.0739363562991887e-264
clustering vs clustering,hclust_5000g_k7,kmeans_5000g_k5,1390.722456593535,24,4.770127612853814e-279,2.2625875569076874e-278
clustering vs clustering,hclust_5000g_k7,kmeans_5000g_k6,1870.976113472737,30,0.0,0.0
clustering vs clustering,hclust_5000g_k7,kmeans_5000g_k7,1808.3902973395927,36,0.0,0.0
clustering vs clustering,hclust_5000g_k7,kmeans_5000g_k8,2160.745423301664,42,0.0,0.0
clustering vs clustering,hclust_5000g_k7,kmeans_5000g_k9,2823.841517551077,48,0.0,0.0
clustering vs clustering,hclust_5000g_k8,hclust_5000g_k9,3381.0,56,0.0,0.0
clustering vs clustering,hclust_5000g_k8,kmeans_10000g_k2,483.0,7,3.614927863297931e-100,5.178937469459485e-100
clustering vs clustering,hclust_5000g_k8,kmeans_1000g_k2,483.0,7,3.614927863297931e-100,5.178937469459485e-100
clustering vs clustering,hclust_5000g_k8,kmeans_100g_k2,483.0,7,3.614927863297931e-100,5.178937469459485e-100
clustering vs clustering,hclust_5000g_k8,kmeans_10g_k2,429.42328994548313,7,1.1615627677607644e-88,1.4406661889894995e-88
clustering vs clustering,hclust_5000g_k8,kmeans_5000g_k10,2499.643753123135,63,0.0,0.0
clustering vs clustering,hclust_5000g_k8,kmeans_5000g_k2,483.0,7,3.614927863297931e-100,5.178937469459485e-100
clustering vs clustering,hclust_5000g_k8,kmeans_5000g_k3,966.0,14,3.072789969696731e-197,9.629904280032264e-197
clustering vs clustering,hclust_5000g_k8,kmeans_5000g_k4,1300.2622808108445,21,2.1241672356984114e-262,8.569916088852212e-262
clustering vs clustering,hclust_5000g_k8,kmeans_5000g_k5,1394.6484563203649,28,2.1600705060177635e-276,1.0109129968163134e-275
clustering vs clustering,hclust_5000g_k8,kmeans_5000g_k6,1875.639735405141,35,0.0,0.0
clustering vs clustering,hclust_5000g_k8,kmeans_5000g_k7,2287.2957972373133,42,0.0,0.0
clustering vs clustering,hclust_5000g_k8,kmeans_5000g_k8,2175.6454265724637,49,0.0,0.0
clustering vs clustering,hclust_5000g_k8,kmeans_5000g_k9,3306.2774895248385,56,0.0,0.0
clustering vs clustering,hclust_5000g_k9,kmeans_10000g_k2,483.0,8,3.1180912078356865e-99,4.193295072606613e-99
clustering vs clustering,hclust_5000g_k9,kmeans_1000g_k2,483.0,8,3.1180912078356865e-99,4.193295072606613e-99
clustering vs clustering,hclust_5000g_k9,kmeans_100g_k2,483.0,8,3.1180912078356865e-99,4.193295072606613e-99
clustering vs clustering,hclust_5000g_k9,kmeans_10g_k2,429.42328994548313,8,9.449634160643522e-88,1.1637970492582022e-87
clustering vs clustering,hclust_5000g_k9,kmeans_5000g_k10,2969.2865741319133,72,0.0,0.0
clustering vs clustering,hclust_5000g_k9,kmeans_5000g_k2,483.0,8,3.1180912078356865e-99,4.193295072606613e-99
clustering vs clustering,hclust_5000g_k9,kmeans_5000g_k3,965.9999999999999,16,2.1246697624644804e-195,6.4289576433192474e-195
clustering vs clustering,hclust_5000g_k9,kmeans_5000g_k4,1300.2622808108442,24,1.0020455838956845e-259,3.99679545394756e-259
clustering vs clustering,hclust_5000g_k9,kmeans_5000g_k5,1473.0116953055756,32,1.0955740069774993e-289,6.008538694517223e-289
clustering vs clustering,hclust_5000g_k9,kmeans_5000g_k6,1875.639735405141,40,0.0,0.0
clustering vs clustering,hclust_5000g_k9,kmeans_5000g_k7,2287.2957972373133,48,0.0,0.0
clustering vs clustering,hclust_5000g_k9,kmeans_5000g_k8,2192.3504878700583,56,0.0,0.0
clustering vs clustering,hclust_5000g_k9,kmeans_5000g_k9,3306.277489524839,64,0.0,0.0
clustering vs clustering,kmeans_10000g_k2,kmeans_1000g_k2,479.0033407568384,1,3.5205860161037074e-106,8.349497916570279e-106
clustering vs clustering,kmeans_10000g_k2,kmeans_100g_k2,479.0033407568384,1,3.5205860161037074e-106,8.349497916570279e-106
clustering vs clustering,kmeans_10000g_k2,kmeans_10g_k2,307.2944821878441,1,8.484216586562298e-69,9.514249271193136e-69
clustering vs clustering,kmeans_10000g_k2,kmeans_5000g_k10,483.00000000000006,9,2.504735726230281e-98,3.173870902190899e-98
clustering vs clustering,kmeans_10000g_k2,kmeans_5000g_k2,479.0033407568384,1,3.5205860161037074e-106,8.349497916570279e-106
clustering vs clustering,kmeans_10000g_k2,kmeans_5000g_k3,483.0,2,1.3118452900173753e-105,2.7906527078552234e-105
clustering vs clustering,kmeans_10000g_k2,kmeans_5000g_k4,483.0,3,2.3051151855597563e-104,4.470140497963947e-104
clustering vs clustering,kmeans_10000g_k2,kmeans_5000g_k5,483.0,4,3.1812248282920824e-103,5.668070633150013e-103
clustering vs clustering,kmeans_10000g_k2,kmeans_5000g_k6,483.0,5,3.726634504088576e-102,6.141073760258814e-102
clustering vs clustering,kmeans_10000g_k2,kmeans_5000g_k7,482.99999999999994,6,3.8573006965687994e-101,5.912281853692958e-101
clustering vs clustering,kmeans_10000g_k2,kmeans_5000g_k8,483.0,7,3.614927863297931e-100,5.178937469459485e-100
clustering vs clustering,kmeans_10000g_k2,kmeans_5000g_k9,483.0,8,3.1180912078356865e-99,4.193295072606613e-99
clustering vs clustering,kmeans_1000g_k2,kmeans_100g_k2,479.0033407568384,1,3.5205860161037074e-106,8.349497916570279e-106
clustering vs clustering,kmeans_1000g_k2,kmeans_10g_k2,307.2944821878441,1,8.484216586562298e-69,9.514249271193136e-69
clustering vs clustering,kmeans_1000g_k2,kmeans_5000g_k10,483.00000000000006,9,2.504735726230281e-98,3.173870902190899e-98
clustering vs clustering,kmeans_1000g_k2,kmeans_5000g_k2,479.0033407568384,1,3.5205860161037074e-106,8.349497916570279e-106
clustering vs clustering,kmeans_1000g_k2,kmeans_5000g_k3,483.0,2,1.3118452900173753e-105,2.7906527078552234e-105
clustering vs clustering,kmeans_1000g_k2,kmeans_5000g_k4,483.0,3,2.3051151855597563e-104,4.470140497963947e-104
clustering vs clustering,kmeans_1000g_k2,kmeans_5000g_k5,483.0,4,3.1812248282920824e-103,5.668070633150013e-103
clustering vs clustering,kmeans_1000g_k2,kmeans_5000g_k6,483.0,5,3.726634504088576e-102,6.141073760258814e-102
clustering vs clustering,kmeans_1000g_k2,kmeans_5000g_k7,482.99999999999994,6,3.8573006965687994e-101,5.912281853692958e-101
clustering vs clustering,kmeans_1000g_k2,kmeans_5000g_k8,483.0,7,3.614927863297931e-100,5.178937469459485e-100
clustering vs clustering,kmeans_1000g_k2,kmeans_5000g_k9,483.0,8,3.1180912078356865e-99,4.193295072606613e-99
clustering vs clustering,kmeans_100g_k2,kmeans_10g_k2,307.2944821878441,1,8.484216586562298e-69,9.514249271193136e-69
clustering vs clustering,kmeans_100g_k2,kmeans_5000g_k10,483.00000000000006,9,2.504735726230281e-98,3.173870902190899e-98
clustering vs clustering,kmeans_100g_k2,kmeans_5000g_k2,479.0033407568384,1,3.5205860161037074e-106,8.349497916570279e-106
clustering vs clustering,kmeans_100g_k2,kmeans_5000g_k3,483.0,2,1.3118452900173753e-105,2.7906527078552234e-105
clustering vs clustering,kmeans_100g_k2,kmeans_5000g_k4,483.0,3,2.3051151855597563e-104,4.470140497963947e-104
clustering vs clustering,kmeans_100g_k2,kmeans_5000g_k5,483.0,4,3.1812248282920824e-103,5.668070633150013e-103
clustering vs clustering,kmeans_100g_k2,kmeans_5000g_k6,483.0,5,3.726634504088576e-102,6.141073760258814e-102
clustering vs clustering,kmeans_100g_k2,kmeans_5000g_k7,482.99999999999994,6,3.8573006965687994e-101,5.912281853692958e-101
clustering vs clustering,kmeans_100g_k2,kmeans_5000g_k8,483.0,7,3.614927863297931e-100,5.178937469459485e-100
clustering vs clustering,kmeans_100g_k2,kmeans_5000g_k9,483.0,8,3.1180912078356865e-99,4.193295072606613e-99
clustering vs clustering,kmeans_10g_k2,kmeans_5000g_k10,429.4232899454831,9,7.15931916417697e-87,8.635467445451061e-87
clustering vs clustering,kmeans_10g_k2,kmeans_5000g_k2,307.29448218784404,1,8.484216586562541e-69,9.514249271193136e-69
clustering vs clustering,kmeans_10g_k2,kmeans_5000g_k3,314.8424743446474,2,4.293637364722608e-69,5.074298703763082e-69
clustering vs clustering,kmeans_10g_k2,kmeans_5000g_k4,314.8424743446474,3,6.097965621577327e-68,6.752006098339563e-68
clustering vs clustering,kmeans_10g_k2,kmeans_5000g_k5,314.8424743446475,4,6.802033432886486e-67,7.43773749203518e-67
clustering vs clustering,kmeans_10g_k2,kmeans_5000g_k6,404.77647908967845,5,2.771793361250116e-85,3.320476006139218e-85
clustering vs clustering,kmeans_10g_k2,kmeans_5000g_k7,316.08546149613585,6,2.9169497824632174e-65,3.150305765060275e-65
clustering vs clustering,kmeans_10g_k2,kmeans_5000g_k8,429.4232899454832,7,1.1615627677606983e-88,1.4406661889894995e-88
clustering vs clustering,kmeans_10g_k2,kmeans_5000g_k9,425.7651362006512,8,5.736920996574426e-87,7.016234389538758e-87
clustering vs clustering,kmeans_5000g_k10,kmeans_5000g_k2,483.0,9,2.5047357262303527e-98,3.173870902190899e-98
clustering vs clustering,kmeans_5000g_k10,kmeans_5000g_k3,965.9999999999999,18,1.2854640972705033e-193,3.759982484516436e-193
clustering vs clustering,kmeans_5000g_k10,kmeans_5000g_k4,1253.226591133966,27,4.0123750111913074e-247,1.5476303614595044e-246
clustering vs clustering,kmeans_5000g_k10,kmeans_5000g_k5,1409.17167286441,36,7.527635140046711e-273,3.3874358130210204e-272
clustering vs clustering,kmeans_5000g_k10,kmeans_5000g_k6,1795.1152715689093,45,0.0,0.0
clustering vs clustering,kmeans_5000g_k10,kmeans_5000g_k7,1614.879867494799,54,2.121950748875963e-302,1.3541903870099327e-301
clustering vs clustering,kmeans_5000g_k10,kmeans_5000g_k8,2213.5742471460944,63,0.0,0.0
clustering vs clustering,kmeans_5000g_k10,kmeans_5000g_k9,2433.736282868586,72,0.0,0.0
clustering vs clustering,kmeans_5000g_k2,kmeans_5000g_k3,483.0,2,1.3118452900173753e-105,2.7906527078552234e-105
clustering vs clustering,kmeans_5000g_k2,kmeans_5000g_k4,483.0,3,2.3051151855597563e-104,4.470140497963947e-104
clustering vs clustering,kmeans_5000g_k2,kmeans_5000g_k5,483.0,4,3.1812248282920824e-103,5.668070633150013e-103
clustering vs clustering,kmeans_5000g_k2,kmeans_5000g_k6,483.0,5,3.726634504088576e-102,6.141073760258814e-102
clustering vs clustering,kmeans_5000g_k2,kmeans_5000g_k7,482.99999999999994,6,3.8573006965687994e-101,5.912281853692958e-101
clustering vs clustering,kmeans_5000g_k2,kmeans_5000g_k8,483.0,7,3.614927863297931e-100,5.178937469459485e-100
clustering vs clustering,kmeans_5000g_k2,kmeans_5000g_k9,483.0,8,3.1180912078356865e-99,4.193295072606613e-99
clustering vs clustering,kmeans_5000g_k3,kmeans_5000g_k4,966.0,6,2.015708941394125e-205,7.3699358169722695e-205
clustering vs clustering,kmeans_5000g_k3,kmeans_5000g_k5,966.0,8,3.2520382472811985e-203,1.1414654247957657e-202
clustering vs clustering,kmeans_5000g_k3,kmeans_5000g_k6,965.9999999999999,10,3.935016880597678e-201,1.3280681972017162e-200
clustering vs clustering,kmeans_5000g_k3,kmeans_5000g_k7,965.9999999999999,12,3.8091617859945834e-199,1.2379775804482395e-198
clustering vs clustering,kmeans_5000g_k3,kmeans_5000g_k8,966.0,14,3.072789969696731e-197,9.629904280032264e-197
clustering vs clustering,kmeans_5000g_k3,kmeans_5000g_k9,966.0,16,2.124669762464238e-195,6.4289576433192474e-195
clustering vs clustering,kmeans_5000g_k4,kmeans_5000g_k5,1351.7476645390598,12,3.508254308919503e-282,1.7343623414517543e-281
clustering vs clustering,kmeans_5000g_k4,kmeans_5000g_k6,1399.650293787549,15,1.9685496201226196e-289,1.0630167948662146e-288
clustering vs clustering,kmeans_5000g_k4,kmeans_5000g_k7,1376.2425999849365,18,1.7930283441250506e-281,8.741013177609621e-281
clustering vs clustering,kmeans_5000g_k4,kmeans_5000g_k8,1419.1469290275688,21,7.449782321201153e-288,3.9027964100620965e-287
clustering vs clustering,kmeans_5000g_k4,kmeans_5000g_k9,1343.6812257837269,24,5.361185020811177e-269,2.3231801756848432e-268
clustering vs clustering,kmeans_5000g_k5,kmeans_5000g_k6,1514.422051627947,20,3.20483034644613e-309,2.205677356083514e-308
clustering vs clustering,kmeans_5000g_k5,kmeans_5000g_k7,1511.1296980455859,24,8.482999663633118e-305,5.726024772952355e-304
clustering vs clustering,kmeans_5000g_k5,kmeans_5000g_k8,1602.5273574183925,28,0.0,0.0
clustering vs clustering,kmeans_5000g_k5,kmeans_5000g_k9,1438.8281300654312,32,2.0406260253842543e-282,1.0232281927283904e-281
clustering vs clustering,kmeans_5000g_k6,kmeans_5000g_k7,1490.7727165343501,30,3.664146080858147e-295,2.1083856957069007e-294
clustering vs clustering,kmeans_5000g_k6,kmeans_5000g_k8,2027.4030074735542,35,0.0,0.0
clustering vs clustering,kmeans_5000g_k6,kmeans_5000g_k9,1911.8520249987419,40,0.0,0.0
clustering vs clustering,kmeans_5000g_k7,kmeans_5000g_k8,1554.7066451637402,42,6.875288112647605e-299,4.090213775490355e-298
clustering vs clustering,kmeans_5000g_k7,kmeans_5000g_k9,2324.2545709940005,48,0.0,0.0
clustering vs clustering,kmeans_5000g_k8,kmeans_5000g_k9,2204.7952572524473,56,0.0,0.0
